-- phpMyAdmin SQL Dump
-- version 5.2.1
-- https://www.phpmyadmin.net/
--
-- Host: 127.0.0.1
-- Generation Time: Apr 13, 2025 at 10:10 AM
-- Server version: 10.4.32-MariaDB
-- PHP Version: 8.2.12

SET SQL_MODE = "NO_AUTO_VALUE_ON_ZERO";
START TRANSACTION;
SET time_zone = "+00:00";


/*!40101 SET @OLD_CHARACTER_SET_CLIENT=@@CHARACTER_SET_CLIENT */;
/*!40101 SET @OLD_CHARACTER_SET_RESULTS=@@CHARACTER_SET_RESULTS */;
/*!40101 SET @OLD_COLLATION_CONNECTION=@@COLLATION_CONNECTION */;
/*!40101 SET NAMES utf8mb4 */;

--
-- Database: `db_portal_iais`
--

-- --------------------------------------------------------

--
-- Table structure for table `migrations`
--

CREATE TABLE `migrations` (
  `id` int(10) UNSIGNED NOT NULL,
  `migration` varchar(255) NOT NULL,
  `batch` int(11) NOT NULL
) ENGINE=InnoDB DEFAULT CHARSET=utf8mb4 COLLATE=utf8mb4_unicode_ci ROW_FORMAT=DYNAMIC;

--
-- Dumping data for table `migrations`
--

INSERT INTO `migrations` (`id`, `migration`, `batch`) VALUES
(4, '2025_02_02_170716_create_projects_table', 1),
(5, '2025_02_02_170814_create_phases_table', 1),
(6, '2025_02_02_170846_create_project_roles_table', 1),
(39, '2014_10_12_000000_create_users_table', 2),
(40, '2014_10_12_100000_create_password_resets_table', 2),
(41, '2019_12_14_000001_create_personal_access_tokens_table', 2),
(42, '2025_02_02_171452_create_tbl_projects_table', 2),
(45, '2025_02_02_171551_create_tbl_phases_table', 3),
(46, '2025_02_02_171709_create_tbl_role_projects_table', 3),
(47, '2025_02_09_133058_tbl_team_members', 3),
(48, '2025_02_09_133132_tbl_tasks', 3),
(49, '2025_02_09_133149_tbl_task_assigments', 3),
(50, '2025_02_13_220651_create_tbl_activities', 4);

-- --------------------------------------------------------

--
-- Table structure for table `password_resets`
--

CREATE TABLE `password_resets` (
  `email` varchar(255) NOT NULL,
  `token` varchar(255) NOT NULL,
  `created_at` timestamp NULL DEFAULT NULL
) ENGINE=InnoDB DEFAULT CHARSET=utf8mb4 COLLATE=utf8mb4_unicode_ci ROW_FORMAT=DYNAMIC;

-- --------------------------------------------------------

--
-- Table structure for table `personal_access_tokens`
--

CREATE TABLE `personal_access_tokens` (
  `id` bigint(20) UNSIGNED NOT NULL,
  `tokenable_type` varchar(255) NOT NULL,
  `tokenable_id` bigint(20) UNSIGNED NOT NULL,
  `name` varchar(255) NOT NULL,
  `token` varchar(64) NOT NULL,
  `abilities` text DEFAULT NULL,
  `last_used_at` timestamp NULL DEFAULT NULL,
  `created_at` timestamp NULL DEFAULT NULL,
  `updated_at` timestamp NULL DEFAULT NULL
) ENGINE=InnoDB DEFAULT CHARSET=utf8mb4 COLLATE=utf8mb4_unicode_ci ROW_FORMAT=DYNAMIC;

-- --------------------------------------------------------

--
-- Table structure for table `tbl_activities`
--

CREATE TABLE `tbl_activities` (
  `activity_id` bigint(20) UNSIGNED NOT NULL,
  `phase_id` bigint(20) UNSIGNED NOT NULL,
  `activity_name` varchar(255) NOT NULL,
  `activity_desc` text DEFAULT NULL,
  `start_date` date NOT NULL,
  `end_date` date NOT NULL,
  `complexity` varchar(255) NOT NULL,
  `actual_start_date` date DEFAULT NULL,
  `actual_end_date` date DEFAULT NULL,
  `status` varchar(255) NOT NULL,
  `duration` time NOT NULL,
  `completion` varchar(255) NOT NULL,
  `user_id` int(11) NOT NULL,
  `created_at` timestamp NULL DEFAULT NULL,
  `updated_at` timestamp NULL DEFAULT NULL
) ENGINE=InnoDB DEFAULT CHARSET=utf8mb4 COLLATE=utf8mb4_unicode_ci ROW_FORMAT=DYNAMIC;

--
-- Dumping data for table `tbl_activities`
--

INSERT INTO `tbl_activities` (`activity_id`, `phase_id`, `activity_name`, `activity_desc`, `start_date`, `end_date`, `complexity`, `actual_start_date`, `actual_end_date`, `status`, `duration`, `completion`, `user_id`, `created_at`, `updated_at`) VALUES
(1, 1, 'Updated Database Design', 'Updated database schema design', '2024-02-13', '2024-02-20', 'Hard', '2025-03-01', '2025-03-02', 'Done', '03:30:00', '100%', 2, '2025-02-13 16:45:23', '2025-03-10 21:40:28'),
(3, 6, 'repo init oioi', 'repo init in github and add collaborators', '2025-02-16', '2025-02-17', 'Easy', NULL, NULL, 'Review', '00:00:00', '100%', 3, '2025-02-16 07:17:21', '2025-02-16 10:06:17'),
(8, 10, 'persiapan', 'persiapan', '2025-02-10', '2025-02-11', 'Low', '2025-03-01', '2025-03-02', 'Done', '01:00:00', '100%', 3, '2025-02-18 13:07:43', '2025-03-08 07:23:41'),
(9, 12, 'menunggu', 'menunggu antrian app kai access', '2025-02-19', '2025-02-19', 'Easy', '2025-02-20', '2025-02-20', 'In Progress', '01:00:00', '10%', 3, '2025-02-18 18:07:32', '2025-02-18 20:18:12'),
(10, 11, 'activity 1', 'activity description', '2025-03-01', '2025-03-03', 'Low', '2025-03-01', '2025-03-03', 'Review', '03:00:00', '100%', 2, '2025-03-01 11:15:25', '2025-03-01 13:48:53'),
(11, 1, 'activity 1', 'activity1 desc', '2025-03-01', '2025-03-11', 'Low', '2025-03-01', '2025-03-01', 'Done', '02:00:00', '100%', 2, '2025-03-01 13:53:51', '2025-03-01 13:59:46');

-- --------------------------------------------------------

--
-- Table structure for table `tbl_detail_profile`
--

CREATE TABLE `tbl_detail_profile` (
  `detail_id` int(11) NOT NULL,
  `user_id` int(11) DEFAULT NULL,
  `jenjang_pendidikan` varchar(100) DEFAULT NULL,
  `nama_institusi` varchar(255) DEFAULT NULL,
  `tahun_masuk` year(4) DEFAULT NULL,
  `tahun_lulus` year(4) DEFAULT NULL,
  `gelar` varchar(255) DEFAULT NULL,
  `bidang_studi` varchar(255) DEFAULT NULL,
  `nama_perusahaan` varchar(255) DEFAULT NULL,
  `posisi` varchar(255) DEFAULT NULL,
  `periode_mulai` varchar(200) DEFAULT NULL,
  `periode_selesai` varchar(200) DEFAULT NULL,
  `tanggung_jawab` text DEFAULT NULL,
  `linkedin` varchar(255) DEFAULT NULL,
  `twitter` varchar(255) DEFAULT NULL,
  `instagram` varchar(255) DEFAULT NULL,
  `facebook` varchar(255) DEFAULT NULL,
  `github` varchar(255) DEFAULT NULL,
  `nama_keahlian` varchar(255) DEFAULT NULL,
  `sumber_keahlian` varchar(255) DEFAULT NULL,
  `sertifikasi` varchar(255) DEFAULT NULL
) ENGINE=InnoDB DEFAULT CHARSET=latin1 COLLATE=latin1_swedish_ci;

--
-- Dumping data for table `tbl_detail_profile`
--

INSERT INTO `tbl_detail_profile` (`detail_id`, `user_id`, `jenjang_pendidikan`, `nama_institusi`, `tahun_masuk`, `tahun_lulus`, `gelar`, `bidang_studi`, `nama_perusahaan`, `posisi`, `periode_mulai`, `periode_selesai`, `tanggung_jawab`, `linkedin`, `twitter`, `instagram`, `facebook`, `github`, `nama_keahlian`, `sumber_keahlian`, `sertifikasi`) VALUES
(1, 2, 'S1', 'Binus University', '2019', '2021', 'S.Kom.', 'Sistem Informasi', 'Binus', 'Trainer', '2024-01-01', '2025-01-01', 'Memberikan Pelatihan', NULL, NULL, NULL, NULL, NULL, 'Programmer', 'BNSP', 'Programmer'),
(2, 1, 's1', 'binus', '2021', '2029', 'skom', 'yes', 's', 's', '0000-00-00', '0000-00-00', 'wew', NULL, NULL, NULL, NULL, NULL, 'a', 'b', 'c'),
(3, 1, 'S1', 'Binus', '2021', '2029', 'S.Kom.', 'Infomation System', 'Binus', 'IT', '2025', 'Now', 'Yes', 'linkedin', 'twitter', 'ig', 'fb', NULL, 'Programmer', 'BNSP', 'Programmer'),
(4, 1, 'S1', 'Binus', '2021', '2029', 'S.Kom.', 'Infomation System', 'Binus', 'IT', '2025', 'Now', 'Yes', 'linkedin', 'twitter', 'ig', 'fb', NULL, 'Programmer', 'BNSP', 'Programmer'),
(5, 4, 'S1', 'Binus University', '2019', '2021', 'S.Kom.', 'Infomation System', 'IAIS', 'IT', '2021', 'Now', 'Developer', NULL, NULL, NULL, NULL, NULL, 'Programmer', 'BNSP', 'Programmer');

-- --------------------------------------------------------

--
-- Table structure for table `tbl_feedback`
--

CREATE TABLE `tbl_feedback` (
  `feedback_id` int(11) NOT NULL,
  `course_id` int(11) NOT NULL,
  `subtopic_id` int(11) DEFAULT NULL,
  `user_id` int(11) NOT NULL,
  `feedback` text DEFAULT NULL,
  `rating` int(11) DEFAULT NULL,
  `created_at` datetime DEFAULT NULL,
  `modified_at` datetime DEFAULT NULL
) ENGINE=InnoDB DEFAULT CHARSET=utf8mb4 COLLATE=utf8mb4_general_ci ROW_FORMAT=DYNAMIC;

--
-- Dumping data for table `tbl_feedback`
--

INSERT INTO `tbl_feedback` (`feedback_id`, `course_id`, `subtopic_id`, `user_id`, `feedback`, `rating`, `created_at`, `modified_at`) VALUES
(1, 1, 17, 2, 'couse bagus', 4, '2025-01-30 20:23:11', '2025-01-30 20:23:11'),
(3, 2, 17, 2, 'biasa aja sih', 4, '2025-02-19 00:20:30', '2025-02-19 00:20:30'),
(4, 2, 17, 2, 'nice', 5, '2025-02-19 00:22:55', '2025-02-19 00:22:55'),
(5, 2, 17, 2, 'oke', 3, '2025-02-19 00:24:07', '2025-02-19 00:24:07'),
(7, 1, 18, 2, 'kau ni ape ?', 2, '2025-02-24 21:28:14', '2025-02-24 21:28:14');

-- --------------------------------------------------------

--
-- Table structure for table `tbl_group`
--

CREATE TABLE `tbl_group` (
  `group_id` int(11) NOT NULL,
  `group_name` varchar(200) NOT NULL,
  `group_logo` varchar(100) NOT NULL,
  `group_email` varchar(200) DEFAULT NULL,
  `group_phone` varchar(20) DEFAULT NULL,
  `group_alamat` varchar(500) NOT NULL,
  `group_creaby` varchar(200) NOT NULL,
  `group_modiby` varchar(200) NOT NULL,
  `group_creadate` datetime NOT NULL,
  `group_modidate` datetime NOT NULL
) ENGINE=InnoDB DEFAULT CHARSET=latin1 COLLATE=latin1_swedish_ci ROW_FORMAT=DYNAMIC;

--
-- Dumping data for table `tbl_group`
--

INSERT INTO `tbl_group` (`group_id`, `group_name`, `group_logo`, `group_email`, `group_phone`, `group_alamat`, `group_creaby`, `group_modiby`, `group_creadate`, `group_modidate`) VALUES
(1, 'Group 1', 'uploads/group_logos/1744531714_1738244201_Frame 1.png', 'group1@gmail.com', '0213456789', 'Jakarta', 'current_user', '', '2025-04-13 00:00:00', '0000-00-00 00:00:00');

-- --------------------------------------------------------

--
-- Table structure for table `tbl_group_access`
--

CREATE TABLE `tbl_group_access` (
  `group_id` int(11) NOT NULL,
  `product_id` int(11) NOT NULL
) ENGINE=InnoDB DEFAULT CHARSET=utf8mb4 COLLATE=utf8mb4_general_ci;

--
-- Dumping data for table `tbl_group_access`
--

INSERT INTO `tbl_group_access` (`group_id`, `product_id`) VALUES
(1, 9),
(1, 10);

-- --------------------------------------------------------

--
-- Table structure for table `tbl_group_member`
--

CREATE TABLE `tbl_group_member` (
  `group_id` int(11) NOT NULL,
  `user_id` int(11) NOT NULL
) ENGINE=InnoDB DEFAULT CHARSET=utf8mb4 COLLATE=utf8mb4_general_ci;

--
-- Dumping data for table `tbl_group_member`
--

INSERT INTO `tbl_group_member` (`group_id`, `user_id`) VALUES
(1, 2);

-- --------------------------------------------------------

--
-- Table structure for table `tbl_hasil_test`
--

CREATE TABLE `tbl_hasil_test` (
  `hasil_id` int(11) NOT NULL,
  `peserta_id` int(11) NOT NULL,
  `subtopic_id` int(11) NOT NULL,
  `waktu_respon` datetime NOT NULL,
  `waktu_submit` datetime DEFAULT NULL
) ENGINE=InnoDB DEFAULT CHARSET=latin1 COLLATE=latin1_swedish_ci ROW_FORMAT=DYNAMIC;

--
-- Dumping data for table `tbl_hasil_test`
--

INSERT INTO `tbl_hasil_test` (`hasil_id`, `peserta_id`, `subtopic_id`, `waktu_respon`, `waktu_submit`) VALUES
(1, 4, 24, '2025-03-17 05:31:18', NULL),
(2, 4, 25, '2025-03-17 05:44:27', NULL),
(3, 4, 25, '2025-03-17 05:47:08', NULL),
(4, 14, 24, '2025-03-17 08:26:44', NULL),
(5, 16, 24, '2025-03-17 08:26:47', NULL),
(6, 11, 24, '2025-03-17 08:26:47', NULL),
(7, 12, 24, '2025-03-17 08:27:16', NULL),
(8, 17, 24, '2025-03-17 08:27:23', NULL),
(9, 13, 24, '2025-03-17 08:27:28', NULL),
(10, 15, 24, '2025-03-17 08:27:36', NULL),
(11, 18, 24, '2025-03-17 08:29:18', NULL),
(12, 19, 24, '2025-03-17 09:22:41', NULL),
(13, 20, 24, '2025-03-17 09:22:43', NULL),
(14, 6, 24, '2025-03-17 09:30:35', NULL),
(15, 8, 24, '2025-03-17 09:30:30', NULL),
(16, 23, 24, '2025-03-17 09:35:27', NULL),
(17, 27, 24, '2025-03-17 09:35:30', NULL),
(18, 25, 24, '2025-03-17 09:36:24', NULL),
(19, 7, 24, '2025-03-17 09:37:13', NULL),
(20, 24, 24, '2025-03-17 09:37:26', NULL),
(21, 26, 24, '2025-03-17 09:37:39', NULL),
(22, 33, 24, '2025-03-17 10:41:30', NULL),
(23, 17, 25, '2025-03-17 10:57:22', NULL),
(24, 11, 25, '2025-03-17 10:57:47', NULL),
(25, 11, 25, '2025-03-17 10:57:48', NULL),
(26, 15, 25, '2025-03-17 10:58:25', NULL),
(27, 12, 25, '2025-03-17 11:00:34', NULL),
(28, 23, 26, '2025-03-17 11:00:56', NULL),
(29, 16, 25, '2025-03-17 11:01:17', NULL),
(30, 18, 25, '2025-03-17 11:01:35', NULL),
(31, 7, 26, '2025-03-17 11:02:01', NULL),
(32, 26, 26, '2025-03-17 11:02:57', NULL),
(33, 13, 25, '2025-03-17 11:04:12', NULL),
(34, 8, 26, '2025-03-17 11:06:37', NULL),
(35, 25, 26, '2025-03-17 11:07:35', NULL),
(36, 14, 25, '2025-03-17 11:07:43', NULL),
(37, 15, 26, '2025-03-17 11:08:17', NULL),
(38, 28, 24, '2025-03-17 11:09:01', NULL),
(39, 18, 26, '2025-03-17 11:09:09', NULL),
(40, 15, 26, '2025-03-17 11:09:23', NULL),
(41, 17, 26, '2025-03-17 11:09:23', NULL),
(42, 6, 26, '2025-03-17 11:10:29', NULL),
(43, 33, 26, '2025-03-17 11:10:29', NULL),
(44, 27, 26, '2025-03-17 11:11:11', NULL),
(45, 12, 25, '2025-03-17 11:11:17', NULL),
(46, 24, 26, '2025-03-17 11:12:15', NULL),
(47, 13, 25, '2025-03-17 11:13:59', NULL),
(48, 19, 26, '2025-03-17 11:14:07', NULL),
(49, 29, 24, '2025-03-17 11:17:10', NULL),
(50, 20, 25, '2025-03-17 11:16:07', NULL),
(51, 12, 25, '2025-03-17 11:17:02', NULL),
(52, 35, 24, '2025-03-17 11:17:21', NULL),
(53, 35, 24, '2025-03-17 11:17:21', NULL),
(54, 13, 26, '2025-03-17 11:18:51', NULL),
(55, 11, 26, '2025-03-17 11:19:01', NULL),
(56, 16, 26, '2025-03-17 11:23:26', NULL),
(57, 12, 26, '2025-03-17 11:23:25', NULL),
(58, 17, 28, '2025-03-17 11:24:36', NULL),
(59, 15, 28, '2025-03-17 11:25:13', NULL),
(60, 20, 25, '2025-03-17 11:25:11', NULL),
(61, 29, 26, '2025-03-17 11:28:34', NULL),
(62, 39, 24, '2025-03-17 11:26:31', NULL),
(63, 35, 26, '2025-03-17 11:27:27', NULL),
(64, 19, 25, '2025-03-17 11:27:25', NULL),
(65, 35, 26, '2025-03-17 11:32:54', NULL),
(66, 20, 25, '2025-03-17 11:35:14', NULL),
(67, 20, 26, '2025-03-17 11:41:03', NULL),
(68, 19, 25, '2025-03-17 11:41:23', NULL),
(69, 20, 27, '2025-03-17 11:49:42', NULL),
(70, 19, 25, '2025-03-17 11:50:03', NULL),
(71, 19, 27, '2025-03-17 13:03:16', NULL),
(72, 23, 28, '2025-03-17 13:17:15', NULL),
(73, 28, 28, '2025-03-17 13:17:17', NULL),
(74, 20, 27, '2025-03-17 13:17:48', NULL),
(75, 8, 28, '2025-03-17 13:18:11', NULL),
(76, 6, 28, '2025-03-17 13:18:22', NULL),
(77, 25, 28, '2025-03-17 13:18:44', NULL),
(78, 27, 28, '2025-03-17 13:19:17', NULL),
(79, 7, 28, '2025-03-17 13:20:00', NULL),
(80, 24, 28, '2025-03-17 13:20:29', NULL),
(81, 24, 28, '2025-03-17 13:20:53', NULL),
(82, 26, 28, '2025-03-17 13:20:53', NULL),
(83, 35, 28, '2025-03-17 13:21:42', NULL),
(84, 28, 26, '2025-03-17 13:22:59', NULL),
(85, 16, 28, '2025-03-17 13:23:01', NULL),
(86, 27, 25, '2025-03-17 13:23:05', NULL),
(87, 13, 28, '2025-03-17 13:23:16', NULL),
(88, 14, 26, '2025-03-17 13:24:26', NULL),
(89, 27, 27, '2025-03-17 13:26:02', NULL),
(90, 11, 28, '2025-03-17 13:27:02', NULL),
(91, 12, 28, '2025-03-17 13:27:03', NULL),
(92, 39, 28, '2025-03-17 13:27:46', NULL),
(93, 27, 29, '2025-03-17 13:28:08', NULL),
(94, 18, 28, '2025-03-17 13:28:56', NULL),
(95, 23, 25, '2025-03-17 13:30:23', NULL),
(96, 27, 29, '2025-03-17 13:30:30', NULL),
(97, 39, 26, '2025-03-17 13:30:42', NULL),
(98, 19, 28, '2025-03-17 13:30:54', NULL),
(99, 27, 29, '2025-03-17 13:32:07', NULL),
(100, 14, 27, '2025-03-17 13:32:43', NULL),
(101, 12, 27, '2025-03-17 13:37:06', NULL),
(102, 20, 28, '2025-03-17 13:37:31', NULL),
(103, 17, 30, '2025-03-17 13:37:55', NULL),
(104, 14, 27, '2025-03-17 13:38:30', NULL),
(105, 12, 27, '2025-03-17 13:40:13', NULL),
(106, 12, 27, '2025-03-17 13:40:16', NULL),
(107, 16, 27, '2025-03-17 13:41:39', NULL),
(108, 15, 27, '2025-03-17 13:44:31', NULL),
(109, 11, 27, '2025-03-17 13:45:03', NULL),
(110, 17, 27, '2025-03-17 13:45:51', NULL),
(111, 13, 27, '2025-03-17 13:47:05', NULL),
(112, 11, 29, '2025-03-17 13:47:50', NULL),
(113, 11, 29, '2025-03-17 13:49:28', NULL),
(114, 12, 29, '2025-03-17 13:49:46', NULL),
(115, 16, 29, '2025-03-17 13:50:20', NULL),
(116, 17, 27, '2025-03-17 13:50:54', NULL),
(117, 15, 29, '2025-03-17 13:51:02', NULL),
(118, 11, 29, '2025-03-17 13:51:08', NULL),
(119, 13, 29, '2025-03-17 13:51:54', NULL),
(120, 14, 28, '2025-03-17 13:52:52', NULL),
(121, 17, 25, '2025-03-17 13:54:11', NULL),
(122, 17, 25, '2025-03-17 13:55:50', NULL),
(123, 20, 29, '2025-03-17 13:55:58', NULL),
(124, 16, 29, '2025-03-17 13:56:13', NULL),
(125, 14, 29, '2025-03-17 13:56:54', NULL),
(126, 17, 29, '2025-03-17 13:59:30', NULL),
(127, 15, 27, '2025-03-17 14:01:35', NULL),
(128, 17, 29, '2025-03-17 14:04:37', NULL),
(129, 15, 30, '2025-03-17 14:05:41', NULL),
(130, 17, 29, '2025-03-17 14:07:42', NULL),
(131, 12, 25, '2025-03-17 14:09:38', NULL),
(132, 17, 27, '2025-03-17 14:10:16', NULL),
(133, 18, 29, '2025-03-17 14:28:11', NULL),
(134, 18, 29, '2025-03-17 14:28:56', NULL),
(135, 30, 24, '2025-03-17 14:30:22', NULL),
(136, 17, 31, '2025-03-17 14:36:08', NULL),
(137, 25, 30, '2025-03-17 15:24:30', NULL),
(138, 23, 25, '2025-03-17 16:29:19', NULL),
(139, 23, 27, '2025-03-17 16:34:53', NULL),
(140, 23, 29, '2025-03-17 16:38:31', NULL),
(141, 30, 25, '2025-03-17 20:57:38', NULL),
(142, 31, 25, '2025-03-17 20:59:53', NULL),
(143, 30, 25, '2025-03-17 21:05:09', NULL),
(144, 31, 27, '2025-03-17 21:07:45', NULL),
(145, 30, 26, '2025-03-17 21:10:49', NULL),
(146, 31, 29, '2025-03-17 21:14:17', NULL),
(147, 30, 27, '2025-03-17 21:14:59', NULL),
(148, 30, 28, '2025-03-17 21:20:39', NULL),
(149, 31, 29, '2025-03-17 21:23:22', NULL),
(150, 7, 25, '2025-03-17 21:24:06', NULL),
(151, 30, 29, '2025-03-17 21:25:13', NULL),
(152, 31, 29, '2025-03-17 21:25:44', NULL),
(153, 28, 25, '2025-03-17 21:27:14', NULL),
(154, 31, 25, '2025-03-17 21:28:17', NULL),
(155, 7, 25, '2025-03-17 21:30:23', NULL),
(156, 7, 27, '2025-03-17 21:32:35', NULL),
(157, 7, 27, '2025-03-17 21:39:16', NULL),
(158, 7, 27, '2025-03-17 21:45:12', NULL),
(159, 28, 27, '2025-03-17 21:46:26', NULL),
(160, 7, 29, '2025-03-17 21:51:34', NULL),
(161, 8, 25, '2025-03-17 22:13:09', NULL),
(162, 39, 25, '2025-03-17 22:24:34', NULL),
(163, 39, 27, '2025-03-17 22:32:07', NULL),
(164, 25, 25, '2025-03-17 22:34:40', NULL),
(165, 39, 29, '2025-03-17 22:35:00', NULL),
(166, 39, 30, '2025-03-17 22:38:25', NULL),
(167, 25, 27, '2025-03-17 22:40:19', NULL),
(168, 39, 31, '2025-03-17 22:41:18', NULL),
(169, 25, 29, '2025-03-17 22:42:53', NULL),
(170, 25, 31, '2025-03-17 22:46:24', NULL),
(171, 8, 27, '2025-03-17 23:09:56', NULL),
(172, 8, 27, '2025-03-17 23:13:36', NULL),
(173, 8, 29, '2025-03-17 23:17:44', NULL),
(174, 43, 25, '2025-03-17 23:19:37', NULL),
(175, 43, 25, '2025-03-17 23:19:37', NULL),
(176, 26, 25, '2025-03-17 23:22:12', NULL),
(177, 26, 25, '2025-03-17 23:22:11', NULL),
(178, 8, 29, '2025-03-17 23:26:39', NULL),
(179, 26, 27, '2025-03-17 23:28:42', NULL),
(180, 8, 25, '2025-03-17 23:30:23', NULL),
(181, 26, 29, '2025-03-17 23:31:24', NULL),
(182, 26, 31, '2025-03-17 23:34:10', NULL),
(183, 43, 24, '2025-03-17 23:46:10', NULL),
(184, 43, 26, '2025-03-17 23:52:17', NULL),
(185, 43, 27, '2025-03-17 23:59:15', NULL),
(186, 43, 28, '2025-03-18 00:04:36', NULL),
(187, 43, 29, '2025-03-18 00:10:01', NULL),
(188, 12, 30, '2025-03-18 09:05:01', NULL),
(189, 12, 31, '2025-03-18 09:11:13', NULL),
(190, 15, 31, '2025-03-18 09:11:46', NULL),
(191, 24, 25, '2025-03-18 09:17:23', NULL),
(192, 11, 30, '2025-03-18 09:21:20', NULL),
(193, 26, 30, '2025-03-18 09:22:00', NULL),
(194, 24, 25, '2025-03-18 09:22:00', NULL),
(195, 27, 30, '2025-03-18 09:22:53', NULL),
(196, 7, 30, '2025-03-18 09:23:33', NULL),
(197, 8, 30, '2025-03-18 09:25:46', NULL),
(198, 11, 31, '2025-03-18 09:25:49', NULL),
(199, 19, 30, '2025-03-18 09:25:58', NULL),
(200, 20, 30, '2025-03-18 09:25:52', NULL),
(201, 20, 30, '2025-03-18 09:25:54', NULL),
(202, 35, 30, '2025-03-18 09:27:17', NULL),
(203, 35, 30, '2025-03-18 09:27:19', NULL),
(204, 24, 27, '2025-03-18 09:27:25', NULL),
(205, 42, 30, '2025-03-18 09:27:28', NULL),
(206, 11, 31, '2025-03-18 09:27:31', NULL),
(207, 6, 30, '2025-03-18 09:28:00', NULL),
(208, 6, 30, '2025-03-18 09:28:00', NULL),
(209, 6, 30, '2025-03-18 09:28:00', NULL),
(210, 6, 30, '2025-03-18 09:28:01', NULL),
(211, 6, 30, '2025-03-18 09:28:02', NULL),
(212, 6, 30, '2025-03-18 09:28:02', NULL),
(213, 6, 30, '2025-03-18 09:28:02', NULL),
(214, 6, 30, '2025-03-18 09:28:01', NULL),
(215, 6, 30, '2025-03-18 09:28:01', NULL),
(216, 6, 30, '2025-03-18 09:28:01', NULL),
(217, 22, 30, '2025-03-18 09:28:10', NULL),
(218, 46, 30, '2025-03-18 09:32:30', NULL),
(219, 6, 25, '2025-03-18 09:35:03', NULL),
(220, 6, 25, '2025-03-18 09:35:03', NULL),
(221, 6, 25, '2025-03-18 09:35:04', NULL),
(222, 6, 25, '2025-03-18 09:35:04', NULL),
(223, 6, 25, '2025-03-18 09:35:04', NULL),
(224, 6, 25, '2025-03-18 09:35:04', NULL),
(225, 19, 31, '2025-03-18 09:35:16', NULL),
(226, 24, 29, '2025-03-18 09:35:27', NULL),
(227, 20, 31, '2025-03-18 09:36:48', NULL),
(228, 20, 31, '2025-03-18 09:36:49', NULL),
(229, 6, 27, '2025-03-18 09:40:28', NULL),
(230, 6, 27, '2025-03-18 09:40:22', NULL),
(231, 27, 25, '2025-03-18 09:40:47', NULL),
(232, 24, 31, '2025-03-18 09:40:48', NULL),
(233, 28, 30, '2025-03-18 09:42:05', NULL),
(234, 28, 30, '2025-03-18 09:42:07', NULL),
(235, 28, 30, '2025-03-18 09:42:07', NULL),
(236, 35, 25, '2025-03-18 09:42:37', NULL),
(237, 6, 29, '2025-03-18 09:43:09', NULL),
(238, 19, 29, '2025-03-18 09:44:19', NULL),
(239, 27, 27, '2025-03-18 09:45:04', NULL),
(240, 27, 27, '2025-03-18 09:45:05', NULL),
(241, 24, 30, '2025-03-18 09:46:21', NULL),
(242, 23, 30, '2025-03-18 09:46:23', NULL),
(243, 35, 27, '2025-03-18 09:48:59', NULL),
(244, 43, 30, '2025-03-18 09:50:29', NULL),
(245, 37, 24, '2025-03-18 09:54:41', NULL),
(246, 35, 29, '2025-03-18 09:56:09', NULL),
(247, 35, 29, '2025-03-18 09:56:12', NULL),
(248, 23, 31, '2025-03-18 09:57:14', NULL),
(249, 27, 31, '2025-03-18 10:14:48', NULL),
(250, 18, 30, '2025-03-18 10:42:10', NULL),
(251, 18, 31, '2025-03-18 10:49:39', NULL),
(252, 16, 30, '2025-03-18 11:13:38', NULL),
(253, 16, 31, '2025-03-18 11:15:31', NULL),
(254, 14, 30, '2025-03-18 11:37:34', NULL),
(255, 14, 31, '2025-03-18 11:42:56', NULL),
(256, 40, 24, '2025-03-18 13:06:37', NULL),
(257, 35, 31, '2025-03-18 18:38:23', NULL),
(258, 7, 31, '2025-03-18 20:10:38', NULL),
(259, 7, 31, '2025-03-18 20:13:45', NULL),
(260, 7, 31, '2025-03-18 20:15:29', NULL),
(261, 30, 30, '2025-03-18 20:24:39', NULL),
(262, 30, 31, '2025-03-18 20:31:37', NULL),
(263, 28, 29, '2025-03-19 02:12:47', NULL),
(264, 28, 29, '2025-03-19 02:19:31', NULL),
(265, 28, 31, '2025-03-19 02:25:35', NULL),
(266, 28, 31, '2025-03-19 02:30:59', NULL),
(267, 31, 31, '2025-03-20 14:44:26', NULL),
(268, 44, 24, '2025-03-21 04:55:27', NULL),
(269, 8, 31, '2025-03-21 14:01:24', NULL),
(270, 6, 31, '2025-03-23 15:33:57', NULL),
(271, 33, 28, '2025-03-23 16:17:35', NULL),
(272, 33, 30, '2025-03-23 16:20:19', NULL),
(273, 31, 31, '2025-04-06 01:56:34', '2025-04-06 01:58:43'),
(274, 44, 26, '2025-04-07 11:30:01', '2025-04-07 11:34:24'),
(275, 44, 28, '2025-04-07 11:34:56', '2025-04-07 11:38:39'),
(276, 44, 30, '2025-04-07 11:39:17', '2025-04-07 11:45:06'),
(277, 44, 25, '2025-04-07 11:45:31', '2025-04-07 11:49:19'),
(278, 44, 27, '2025-04-07 11:50:34', '2025-04-07 11:56:23'),
(279, 44, 29, '2025-04-07 11:57:14', '2025-04-07 12:02:55'),
(280, 44, 31, '2025-04-07 12:03:41', '2025-04-07 12:07:23'),
(281, 12, 35, '2025-04-08 08:35:56', '2025-04-08 08:42:04'),
(282, 15, 35, '2025-04-08 08:37:00', '2025-04-08 08:43:02'),
(283, 17, 35, '2025-04-08 09:15:59', '2025-04-08 09:22:10'),
(284, 17, 35, '2025-04-08 09:16:01', NULL),
(285, 11, 35, '2025-04-08 09:26:10', '2025-04-08 09:38:24'),
(286, 7, 35, '2025-04-08 09:26:58', '2025-04-08 09:33:48'),
(287, 25, 35, '2025-04-08 09:27:34', '2025-04-08 09:30:16'),
(288, 26, 35, '2025-04-08 09:29:43', '2025-04-08 09:34:42'),
(289, 15, 36, '2025-04-08 09:29:58', '2025-04-08 09:35:48'),
(290, 16, 35, '2025-04-08 09:30:38', '2025-04-08 09:33:29'),
(291, 19, 35, '2025-04-08 09:31:48', '2025-04-08 09:36:48'),
(292, 12, 36, '2025-04-08 09:32:53', '2025-04-08 09:40:00'),
(293, 16, 36, '2025-04-08 09:34:55', '2025-04-08 09:38:43'),
(294, 19, 36, '2025-04-08 09:39:24', '2025-04-08 09:46:57'),
(295, 28, 35, '2025-04-08 10:29:48', '2025-04-08 10:34:23'),
(296, 27, 35, '2025-04-08 10:46:11', '2025-04-08 10:49:45'),
(297, 27, 36, '2025-04-08 10:51:02', '2025-04-08 10:54:37'),
(298, 33, 35, '2025-04-08 10:59:21', '2025-04-08 11:03:22'),
(299, 33, 38, '2025-04-08 11:28:28', '2025-04-08 11:32:46'),
(300, 33, 25, '2025-04-08 11:52:20', '2025-04-08 11:59:15'),
(301, 33, 27, '2025-04-08 11:59:44', '2025-04-08 12:07:17'),
(302, 33, 29, '2025-04-08 12:11:21', '2025-04-08 12:22:25'),
(303, 33, 31, '2025-04-08 12:22:51', '2025-04-08 12:28:44'),
(304, 7, 38, '2025-04-08 13:12:14', '2025-04-08 13:16:33'),
(305, 15, 38, '2025-04-08 13:15:59', '2025-04-08 13:22:33'),
(306, 17, 38, '2025-04-08 13:31:26', '2025-04-08 13:33:47'),
(307, 26, 38, '2025-04-08 13:32:06', '2025-04-08 13:37:54'),
(308, 17, 36, '2025-04-08 13:34:30', '2025-04-08 13:37:39'),
(309, 28, 38, '2025-04-08 13:35:16', '2025-04-08 13:39:46'),
(310, 7, 41, '2025-04-08 13:36:19', '2025-04-08 13:38:05'),
(311, 24, 35, '2025-04-08 13:41:57', '2025-04-08 13:46:03'),
(312, 17, 39, '2025-04-08 13:43:09', '2025-04-08 13:46:39'),
(313, 24, 38, '2025-04-08 13:47:06', '2025-04-08 13:51:43'),
(314, 15, 39, '2025-04-08 14:59:44', '2025-04-08 15:06:48'),
(315, 17, 41, '2025-04-08 15:04:16', '2025-04-08 15:06:34'),
(316, 17, 42, '2025-04-08 15:06:50', '2025-04-08 15:08:36'),
(317, 15, 41, '2025-04-08 15:33:32', '2025-04-08 15:40:45'),
(318, 15, 42, '2025-04-08 15:41:41', '2025-04-08 15:43:53'),
(319, 25, 36, '2025-04-08 15:43:32', '2025-04-08 15:46:38'),
(320, 27, 38, '2025-04-08 15:44:00', '2025-04-08 15:46:55'),
(321, 51, 35, '2025-04-08 15:47:01', '2025-04-08 15:55:42'),
(322, 25, 38, '2025-04-08 15:47:11', '2025-04-08 15:49:27'),
(323, 27, 39, '2025-04-08 15:47:25', '2025-04-08 15:48:51'),
(324, 27, 41, '2025-04-08 15:49:06', '2025-04-08 15:51:16'),
(325, 27, 42, '2025-04-08 15:51:29', '2025-04-08 15:52:28'),
(326, 11, 36, '2025-04-08 15:52:44', '2025-04-08 15:55:07'),
(327, 51, 38, '2025-04-08 15:56:36', '2025-04-08 16:05:40'),
(328, 12, 38, '2025-04-08 15:56:19', '2025-04-08 16:02:55'),
(329, 16, 38, '2025-04-08 15:57:36', '2025-04-08 15:57:58'),
(330, 16, 39, '2025-04-08 15:58:09', '2025-04-08 15:59:56'),
(331, 16, 41, '2025-04-08 16:00:49', '2025-04-08 16:01:04'),
(332, 51, 41, '2025-04-08 16:11:25', '2025-04-08 16:20:48'),
(333, 19, 38, '2025-04-08 16:15:15', '2025-04-08 16:15:50'),
(334, 19, 39, '2025-04-08 16:17:10', '2025-04-08 16:23:05'),
(335, 19, 41, '2025-04-08 16:23:25', '2025-04-08 16:23:55'),
(336, 19, 42, '2025-04-08 16:25:38', '2025-04-08 16:28:52'),
(337, 51, 36, '2025-04-08 18:51:34', '2025-04-08 18:59:32'),
(338, 51, 39, '2025-04-08 19:03:46', '2025-04-08 19:09:19'),
(339, 51, 42, '2025-04-08 19:10:13', '2025-04-08 19:13:42'),
(340, 25, 39, '2025-04-08 19:23:38', '2025-04-08 19:26:13'),
(341, 25, 41, '2025-04-08 19:27:40', '2025-04-08 19:30:10'),
(342, 25, 42, '2025-04-08 19:30:28', '2025-04-08 19:32:53'),
(343, 43, 35, '2025-04-08 19:41:11', '2025-04-08 19:43:45'),
(344, 43, 36, '2025-04-08 19:44:56', '2025-04-08 19:48:28'),
(345, 43, 38, '2025-04-08 19:49:03', '2025-04-08 19:51:30'),
(346, 43, 39, '2025-04-08 19:51:44', '2025-04-08 19:54:04'),
(347, 43, 41, '2025-04-08 19:54:14', '2025-04-08 19:56:19'),
(348, 43, 42, '2025-04-08 19:56:29', '2025-04-08 19:58:18'),
(349, 7, 36, '2025-04-08 20:17:23', '2025-04-08 20:19:09'),
(350, 7, 39, '2025-04-08 20:19:51', '2025-04-08 20:21:11'),
(351, 7, 36, '2025-04-08 20:21:28', '2025-04-08 20:22:49'),
(352, 7, 42, '2025-04-08 20:23:09', '2025-04-08 20:25:10');

-- --------------------------------------------------------

--
-- Table structure for table `tbl_hasil_test_detail`
--

CREATE TABLE `tbl_hasil_test_detail` (
  `hasil_id_detail` int(11) NOT NULL,
  `hasil_id` int(11) DEFAULT NULL,
  `pertanyaan_id` int(11) DEFAULT NULL,
  `jawaban_id` int(11) DEFAULT NULL,
  `jawaban_isian` text DEFAULT NULL,
  `nilai_jawaban_isian` int(11) DEFAULT NULL
) ENGINE=InnoDB DEFAULT CHARSET=latin1 COLLATE=latin1_swedish_ci ROW_FORMAT=DYNAMIC;

--
-- Dumping data for table `tbl_hasil_test_detail`
--

INSERT INTO `tbl_hasil_test_detail` (`hasil_id_detail`, `hasil_id`, `pertanyaan_id`, `jawaban_id`, `jawaban_isian`, `nilai_jawaban_isian`) VALUES
(1, 1, 4, 3, NULL, NULL),
(2, 1, 5, 9, NULL, NULL),
(3, 1, 6, 11, NULL, NULL),
(4, 1, 7, 18, NULL, NULL),
(5, 1, 8, 21, NULL, NULL),
(6, 1, 9, 26, NULL, NULL),
(7, 1, 10, 28, NULL, NULL),
(8, 1, 11, 33, NULL, NULL),
(9, 1, 12, 35, NULL, NULL),
(10, 1, 13, 41, NULL, NULL),
(11, 2, 9, 26, NULL, NULL),
(12, 2, 10, 28, NULL, NULL),
(13, 2, 11, 33, NULL, NULL),
(14, 2, 12, 35, NULL, NULL),
(15, 2, 13, 41, NULL, NULL),
(16, 2, 14, 46, NULL, NULL),
(17, 2, 15, 50, NULL, NULL),
(18, 2, 16, 53, NULL, NULL),
(19, 2, 17, 55, NULL, NULL),
(20, 2, 18, 59, NULL, NULL),
(21, 3, 9, 26, NULL, NULL),
(22, 3, 10, 28, NULL, NULL),
(23, 3, 11, 33, NULL, NULL),
(24, 3, 12, 35, NULL, NULL),
(25, 3, 13, 41, NULL, NULL),
(26, 3, 14, 46, NULL, NULL),
(27, 3, 15, 50, NULL, NULL),
(28, 3, 16, 53, NULL, NULL),
(29, 3, 17, 55, NULL, NULL),
(30, 3, 18, 60, NULL, NULL),
(31, 6, 4, 3, NULL, NULL),
(32, 5, 4, 6, NULL, NULL),
(33, 4, 4, 3, NULL, NULL),
(34, 4, 5, 7, NULL, NULL),
(35, 5, 5, 9, NULL, NULL),
(36, 6, 5, 9, NULL, NULL),
(37, 5, 6, 13, NULL, NULL),
(38, 4, 6, 11, NULL, NULL),
(39, 4, 7, 18, NULL, NULL),
(40, 5, 7, 18, NULL, NULL),
(41, 7, 4, 3, NULL, NULL),
(42, 6, 6, 13, NULL, NULL),
(43, 6, 7, 18, NULL, NULL),
(44, 8, 4, 3, NULL, NULL),
(45, 7, 5, 9, NULL, NULL),
(46, 9, 4, 3, NULL, NULL),
(47, 5, 8, 21, NULL, NULL),
(48, 10, 4, 3, NULL, NULL),
(49, 7, 6, 11, NULL, NULL),
(50, 4, 8, 20, NULL, NULL),
(51, 8, 5, 9, NULL, NULL),
(52, 9, 5, 9, NULL, NULL),
(53, 9, 6, 13, NULL, NULL),
(54, 7, 7, 18, NULL, NULL),
(55, 8, 6, 13, NULL, NULL),
(56, 5, 9, 23, NULL, NULL),
(57, 6, 8, 20, NULL, NULL),
(58, 5, 10, 28, NULL, NULL),
(59, 6, 9, 26, NULL, NULL),
(60, 9, 7, 18, NULL, NULL),
(61, 4, 9, 26, NULL, NULL),
(62, 10, 5, 7, NULL, NULL),
(63, 5, 11, 33, NULL, NULL),
(64, 7, 8, 21, NULL, NULL),
(65, 6, 10, 28, NULL, NULL),
(66, 6, 11, 33, NULL, NULL),
(67, 4, 10, 30, NULL, NULL),
(68, 10, 6, 13, NULL, NULL),
(69, 4, 11, 32, NULL, NULL),
(70, 5, 12, 38, NULL, NULL),
(71, 8, 7, 18, NULL, NULL),
(72, 4, 12, 35, NULL, NULL),
(73, 10, 7, 18, NULL, NULL),
(74, 9, 8, 19, NULL, NULL),
(75, 4, 13, 39, NULL, NULL),
(76, 5, 13, 39, NULL, NULL),
(77, 6, 12, 35, NULL, NULL),
(78, 6, 13, 39, NULL, NULL),
(79, 11, 4, 3, NULL, NULL),
(80, 7, 9, 26, NULL, NULL),
(81, 9, 9, 26, NULL, NULL),
(82, 11, 5, 9, NULL, NULL),
(83, 11, 6, 14, NULL, NULL),
(84, 11, 7, 18, NULL, NULL),
(85, 9, 10, 28, NULL, NULL),
(86, 7, 10, 28, NULL, NULL),
(87, 9, 11, 33, NULL, NULL),
(88, 11, 8, 21, NULL, NULL),
(89, 7, 11, 31, NULL, NULL),
(90, 8, 8, 20, NULL, NULL),
(91, 11, 9, 26, NULL, NULL),
(92, 8, 9, 23, NULL, NULL),
(93, 9, 12, 38, NULL, NULL),
(94, 9, 13, 39, NULL, NULL),
(95, 10, 8, 20, NULL, NULL),
(96, 11, 10, 27, NULL, NULL),
(97, 7, 12, 38, NULL, NULL),
(98, 8, 10, 30, NULL, NULL),
(99, 8, 11, 34, NULL, NULL),
(100, 10, 9, 26, NULL, NULL),
(101, 11, 11, 33, NULL, NULL),
(102, 10, 10, 30, NULL, NULL),
(103, 11, 12, 36, NULL, NULL),
(104, 7, 13, 41, NULL, NULL),
(105, 11, 13, 39, NULL, NULL),
(106, 10, 11, 33, NULL, NULL),
(107, 8, 12, 36, NULL, NULL),
(108, 8, 13, 41, NULL, NULL),
(109, 10, 12, 37, NULL, NULL),
(110, 10, 13, 41, NULL, NULL),
(111, 12, 4, 3, NULL, NULL),
(112, 13, 4, 3, NULL, NULL),
(113, 12, 5, 9, NULL, NULL),
(114, 13, 5, 9, NULL, NULL),
(115, 12, 6, 14, NULL, NULL),
(116, 13, 6, 13, NULL, NULL),
(117, 13, 7, 18, NULL, NULL),
(118, 12, 7, 18, NULL, NULL),
(119, 12, 8, 22, NULL, NULL),
(120, 12, 9, 26, NULL, NULL),
(121, 13, 8, 21, NULL, NULL),
(122, 12, 10, 28, NULL, NULL),
(123, 12, 11, 33, NULL, NULL),
(124, 13, 9, 26, NULL, NULL),
(125, 13, 10, 28, NULL, NULL),
(126, 12, 12, 35, NULL, NULL),
(127, 13, 11, 33, NULL, NULL),
(128, 13, 12, 37, NULL, NULL),
(129, 15, 4, 3, NULL, NULL),
(130, 14, 4, 3, NULL, NULL),
(131, 15, 5, 9, NULL, NULL),
(132, 14, 5, 9, NULL, NULL),
(133, 15, 6, 13, NULL, NULL),
(134, 13, 13, 40, NULL, NULL),
(135, 14, 6, 13, NULL, NULL),
(136, 15, 7, 18, NULL, NULL),
(137, 14, 7, 18, NULL, NULL),
(138, 15, 8, 21, NULL, NULL),
(139, 14, 8, 21, NULL, NULL),
(140, 16, 4, 3, NULL, NULL),
(141, 15, 10, 28, NULL, NULL),
(142, 17, 6, 13, NULL, NULL),
(143, 14, 10, 28, NULL, NULL),
(144, 15, 11, 33, NULL, NULL),
(145, 16, 6, 13, NULL, NULL),
(146, 18, 4, 3, NULL, NULL),
(147, 14, 11, 33, NULL, NULL),
(148, 18, 6, 13, NULL, NULL),
(149, 18, 7, 18, NULL, NULL),
(150, 16, 8, 21, NULL, NULL),
(151, 17, 8, 19, NULL, NULL),
(152, 19, 4, 3, NULL, NULL),
(153, 16, 9, 25, NULL, NULL),
(154, 21, 6, 13, NULL, NULL),
(155, 19, 6, 13, NULL, NULL),
(156, 20, 6, 13, NULL, NULL),
(157, 16, 10, 28, NULL, NULL),
(158, 21, 7, 18, NULL, NULL),
(159, 18, 9, 24, NULL, NULL),
(160, 19, 7, 16, NULL, NULL),
(161, 16, 5, 9, NULL, NULL),
(162, 20, 7, 18, NULL, NULL),
(163, 17, 7, 16, NULL, NULL),
(164, 18, 10, 28, NULL, NULL),
(165, 16, 7, 18, NULL, NULL),
(166, 19, 8, 21, NULL, NULL),
(167, 17, 9, 24, NULL, NULL),
(168, 17, 10, 28, NULL, NULL),
(169, 18, 11, 34, NULL, NULL),
(170, 20, 8, 20, NULL, NULL),
(171, 17, 11, 33, NULL, NULL),
(172, 21, 8, 21, NULL, NULL),
(173, 18, 12, 37, NULL, NULL),
(174, 18, 13, 41, NULL, NULL),
(175, 21, 9, 26, NULL, NULL),
(176, 20, 9, 26, NULL, NULL),
(177, 21, 10, 28, NULL, NULL),
(178, 16, 11, 34, NULL, NULL),
(179, 17, 12, 38, NULL, NULL),
(180, 19, 9, 26, NULL, NULL),
(181, 17, 13, 42, NULL, NULL),
(182, 21, 11, 33, NULL, NULL),
(183, 16, 12, 38, NULL, NULL),
(184, 19, 10, 28, NULL, NULL),
(185, 16, 13, 41, NULL, NULL),
(186, 15, 13, 39, NULL, NULL),
(187, 14, 13, 39, NULL, NULL),
(188, 19, 11, 33, NULL, NULL),
(189, 20, 10, 30, NULL, NULL),
(190, 20, 11, 34, NULL, NULL),
(191, 19, 13, 41, NULL, NULL),
(192, 21, 12, 38, NULL, NULL),
(193, 20, 12, 36, NULL, NULL),
(194, 20, 13, 39, NULL, NULL),
(195, 22, 4, 3, NULL, NULL),
(196, 22, 5, 7, NULL, NULL),
(197, 22, 6, 12, NULL, NULL),
(198, 22, 7, 18, NULL, NULL),
(199, 22, 8, 21, NULL, NULL),
(200, 22, 9, 26, NULL, NULL),
(201, 22, 10, 28, NULL, NULL),
(202, 22, 11, 33, NULL, NULL),
(203, 22, 12, 36, NULL, NULL),
(204, 22, 13, 41, NULL, NULL),
(205, 23, 9, 26, NULL, NULL),
(206, 25, 9, 26, NULL, NULL),
(207, 25, 10, 28, NULL, NULL),
(208, 25, 11, 33, NULL, NULL),
(209, 26, 9, 26, NULL, NULL),
(210, 26, 10, 30, NULL, NULL),
(211, 23, 10, 30, NULL, NULL),
(212, 26, 11, 33, NULL, NULL),
(213, 23, 11, 33, NULL, NULL),
(214, 23, 12, 38, NULL, NULL),
(215, 26, 12, 38, NULL, NULL),
(216, 25, 12, 38, NULL, NULL),
(217, 25, 13, 39, NULL, NULL),
(218, 25, 14, 44, NULL, NULL),
(219, 26, 13, 41, NULL, NULL),
(220, 23, 13, 41, NULL, NULL),
(221, 26, 14, 46, NULL, NULL),
(222, 23, 14, 46, NULL, NULL),
(223, 27, 9, 26, NULL, NULL),
(224, 27, 10, 28, NULL, NULL),
(225, 28, 19, 64, NULL, NULL),
(226, 25, 15, 50, NULL, NULL),
(227, 28, 20, 69, NULL, NULL),
(228, 25, 16, 53, NULL, NULL),
(229, 25, 17, 58, NULL, NULL),
(230, 25, 18, 60, NULL, NULL),
(231, 29, 12, 35, NULL, NULL),
(232, 28, 24, 83, NULL, NULL),
(233, 27, 14, 43, NULL, NULL),
(234, 29, 15, 50, NULL, NULL),
(235, 27, 16, 53, NULL, NULL),
(236, 32, 19, 64, NULL, NULL),
(237, 30, 9, 26, NULL, NULL),
(238, 30, 10, 30, NULL, NULL),
(239, 30, 11, 33, NULL, NULL),
(240, 27, 18, 59, NULL, NULL),
(241, 29, 18, 62, NULL, NULL),
(242, 30, 12, 38, NULL, NULL),
(243, 33, 9, 26, NULL, NULL),
(244, 30, 13, 41, NULL, NULL),
(245, 33, 10, 28, NULL, NULL),
(246, 30, 14, 46, NULL, NULL),
(247, 33, 11, 33, NULL, NULL),
(248, 30, 15, 50, NULL, NULL),
(249, 33, 12, 38, NULL, NULL),
(250, 30, 16, 53, NULL, NULL),
(251, 33, 13, 39, NULL, NULL),
(252, 30, 17, 55, NULL, NULL),
(253, 30, 18, 61, NULL, NULL),
(254, 33, 14, 46, NULL, NULL),
(255, 33, 15, 49, NULL, NULL),
(256, 33, 16, 53, NULL, NULL),
(257, 33, 17, 58, NULL, NULL),
(258, 31, 25, 90, NULL, NULL),
(259, 33, 18, 59, NULL, NULL),
(260, 32, 25, 90, NULL, NULL),
(261, 34, 19, 64, NULL, NULL),
(262, 35, 19, 64, NULL, NULL),
(263, 35, 20, 68, NULL, NULL),
(264, 34, 20, 68, NULL, NULL),
(265, 35, 21, 71, NULL, NULL),
(266, 35, 22, 77, NULL, NULL),
(267, 34, 21, 71, NULL, NULL),
(268, 35, 23, 80, NULL, NULL),
(269, 35, 24, 83, NULL, NULL),
(270, 35, 25, 90, NULL, NULL),
(271, 32, 26, 91, NULL, NULL),
(272, 38, 4, 3, NULL, NULL),
(273, 39, 19, 64, NULL, NULL),
(274, 35, 26, 94, NULL, NULL),
(275, 34, 22, 77, NULL, NULL),
(276, 35, 27, 98, NULL, NULL),
(277, 35, 28, 100, NULL, NULL),
(278, 39, 20, 67, NULL, NULL),
(279, 40, 20, 67, NULL, NULL),
(280, 34, 23, 81, NULL, NULL),
(281, 39, 21, 71, NULL, NULL),
(282, 39, 22, 77, NULL, NULL),
(283, 43, 19, 64, NULL, NULL),
(284, 43, 20, 67, NULL, NULL),
(285, 42, 21, 71, NULL, NULL),
(286, 41, 22, 77, NULL, NULL),
(287, 40, 22, 77, NULL, NULL),
(288, 43, 21, 71, NULL, NULL),
(289, 43, 22, 77, NULL, NULL),
(290, 42, 22, 77, NULL, NULL),
(291, 36, 9, 26, NULL, NULL),
(292, 42, 23, 81, NULL, NULL),
(293, 43, 23, 81, NULL, NULL),
(294, 45, 9, 26, NULL, NULL),
(295, 45, 10, 28, NULL, NULL),
(296, 36, 10, 28, NULL, NULL),
(297, 43, 24, 85, NULL, NULL),
(298, 39, 23, 81, NULL, NULL),
(299, 34, 24, 83, NULL, NULL),
(300, 36, 11, 33, NULL, NULL),
(301, 44, 21, 71, NULL, NULL),
(302, 38, 7, 18, NULL, NULL),
(303, 43, 25, 90, NULL, NULL),
(304, 43, 26, 91, NULL, NULL),
(305, 39, 24, 83, NULL, NULL),
(306, 34, 25, 90, NULL, NULL),
(307, 39, 25, 89, NULL, NULL),
(308, 42, 26, 94, NULL, NULL),
(309, 34, 26, 94, NULL, NULL),
(310, 46, 20, 69, NULL, NULL),
(311, 36, 12, 35, NULL, NULL),
(312, 43, 27, 98, NULL, NULL),
(313, 46, 21, 71, NULL, NULL),
(314, 45, 12, 35, NULL, NULL),
(315, 38, 8, 21, NULL, NULL),
(316, 42, 27, 95, NULL, NULL),
(317, 34, 27, 95, NULL, NULL),
(318, 46, 22, 77, NULL, NULL),
(319, 43, 28, 100, NULL, NULL),
(320, 36, 13, 41, NULL, NULL),
(321, 34, 28, 100, NULL, NULL),
(322, 36, 14, 46, NULL, NULL),
(323, 39, 26, 94, NULL, NULL),
(324, 40, 26, 94, NULL, NULL),
(325, 36, 15, 50, NULL, NULL),
(326, 45, 15, 50, NULL, NULL),
(327, 39, 27, 95, NULL, NULL),
(328, 36, 16, 53, NULL, NULL),
(329, 39, 28, 100, NULL, NULL),
(330, 36, 17, 55, NULL, NULL),
(331, 47, 9, 26, NULL, NULL),
(332, 36, 18, 60, NULL, NULL),
(333, 47, 10, 28, NULL, NULL),
(334, 47, 11, 33, NULL, NULL),
(335, 49, 6, 11, NULL, NULL),
(336, 47, 12, 38, NULL, NULL),
(337, 47, 13, 42, NULL, NULL),
(338, 48, 24, 83, NULL, NULL),
(339, 47, 14, 46, NULL, NULL),
(340, 51, 9, 25, NULL, NULL),
(341, 51, 10, 28, NULL, NULL),
(342, 47, 15, 50, NULL, NULL),
(343, 47, 16, 53, NULL, NULL),
(344, 49, 11, 33, NULL, NULL),
(345, 48, 26, 94, NULL, NULL),
(346, 47, 17, 55, NULL, NULL),
(347, 47, 18, 59, NULL, NULL),
(348, 54, 19, 64, NULL, NULL),
(349, 54, 20, 67, NULL, NULL),
(350, 54, 21, 71, NULL, NULL),
(351, 54, 22, 77, NULL, NULL),
(352, 50, 9, 26, NULL, NULL),
(353, 55, 19, 64, NULL, NULL),
(354, 55, 21, 71, NULL, NULL),
(355, 55, 22, 77, NULL, NULL),
(356, 54, 23, 80, NULL, NULL),
(357, 55, 23, 81, NULL, NULL),
(358, 50, 10, 28, NULL, NULL),
(359, 54, 24, 84, NULL, NULL),
(360, 48, 19, 64, NULL, NULL),
(361, 54, 26, 93, NULL, NULL),
(362, 54, 25, 87, NULL, NULL),
(363, 53, 5, 9, NULL, NULL),
(364, 50, 11, 33, NULL, NULL),
(365, 54, 27, 98, NULL, NULL),
(366, 54, 28, 99, NULL, NULL),
(367, 55, 24, 83, NULL, NULL),
(368, 50, 12, 36, NULL, NULL),
(369, 48, 23, 81, NULL, NULL),
(370, 55, 25, 87, NULL, NULL),
(371, 55, 26, 93, NULL, NULL),
(372, 48, 25, 87, NULL, NULL),
(373, 53, 6, 13, NULL, NULL),
(374, 53, 7, 18, NULL, NULL),
(375, 55, 27, 95, NULL, NULL),
(376, 48, 27, 95, NULL, NULL),
(377, 48, 28, 100, NULL, NULL),
(378, 55, 28, 100, NULL, NULL),
(379, 50, 13, 39, NULL, NULL),
(380, 50, 14, 46, NULL, NULL),
(381, 50, 15, 50, NULL, NULL),
(382, 50, 16, 53, NULL, NULL),
(383, 56, 21, 71, NULL, NULL),
(384, 56, 22, 77, NULL, NULL),
(385, 56, 23, 81, NULL, NULL),
(386, 56, 24, 83, NULL, NULL),
(387, 56, 26, 93, NULL, NULL),
(388, 56, 27, 95, NULL, NULL),
(389, 56, 28, 100, NULL, NULL),
(390, 50, 17, 55, NULL, NULL),
(391, 53, 12, 36, NULL, NULL),
(392, 58, 34, 124, NULL, NULL),
(393, 58, 35, 129, NULL, NULL),
(394, 59, 34, 124, NULL, NULL),
(395, 60, 9, 23, NULL, NULL),
(396, 60, 10, 27, NULL, NULL),
(397, 58, 36, 134, NULL, NULL),
(398, 60, 11, 33, NULL, NULL),
(399, 62, 4, 3, NULL, NULL),
(400, 59, 35, 129, NULL, NULL),
(401, 62, 5, 9, NULL, NULL),
(402, 63, 19, 64, NULL, NULL),
(403, 62, 6, 11, NULL, NULL),
(404, 58, 37, 138, NULL, NULL),
(405, 61, 19, 64, NULL, NULL),
(406, 62, 7, 18, NULL, NULL),
(407, 58, 38, 139, NULL, NULL),
(408, 59, 37, 138, NULL, NULL),
(409, 63, 21, 71, NULL, NULL),
(410, 64, 9, 23, NULL, NULL),
(411, 61, 20, 70, NULL, NULL),
(412, 64, 10, 28, NULL, NULL),
(413, 62, 8, 19, NULL, NULL),
(414, 59, 38, 139, NULL, NULL),
(415, 61, 21, 71, NULL, NULL),
(416, 58, 39, 144, NULL, NULL),
(417, 60, 12, 37, NULL, NULL),
(418, 58, 40, 150, NULL, NULL),
(419, 64, 11, 33, NULL, NULL),
(420, 62, 9, 26, NULL, NULL),
(421, 59, 39, 144, NULL, NULL),
(422, 60, 13, 39, NULL, NULL),
(423, 62, 10, 28, NULL, NULL),
(424, 60, 14, 46, NULL, NULL),
(425, 59, 40, 150, NULL, NULL),
(426, 63, 22, 77, NULL, NULL),
(427, 61, 22, 77, NULL, NULL),
(428, 58, 41, 151, NULL, NULL),
(429, 62, 11, 33, NULL, NULL),
(430, 59, 41, 151, NULL, NULL),
(431, 63, 23, 81, NULL, NULL),
(432, 64, 12, 36, NULL, NULL),
(433, 59, 42, 158, NULL, NULL),
(434, 60, 15, 50, NULL, NULL),
(435, 58, 42, 158, NULL, NULL),
(436, 60, 16, 53, NULL, NULL),
(437, 60, 17, 55, NULL, NULL),
(438, 61, 23, 81, NULL, NULL),
(439, 59, 43, 162, NULL, NULL),
(440, 62, 12, 37, NULL, NULL),
(441, 58, 43, 162, NULL, NULL),
(442, 63, 24, 84, NULL, NULL),
(443, 64, 13, 42, NULL, NULL),
(444, 63, 25, 90, NULL, NULL),
(445, 61, 24, 85, NULL, NULL),
(446, 64, 14, 46, NULL, NULL),
(447, 61, 25, 90, NULL, NULL),
(448, 65, 19, 64, NULL, NULL),
(449, 65, 20, 68, NULL, NULL),
(450, 65, 21, 71, NULL, NULL),
(451, 65, 22, 77, NULL, NULL),
(452, 65, 23, 81, NULL, NULL),
(453, 65, 24, 84, NULL, NULL),
(454, 61, 26, 93, NULL, NULL),
(455, 61, 27, 95, NULL, NULL),
(456, 61, 28, 99, NULL, NULL),
(457, 65, 25, 90, NULL, NULL),
(458, 65, 26, 94, NULL, NULL),
(459, 65, 27, 98, NULL, NULL),
(460, 64, 15, 50, NULL, NULL),
(461, 64, 16, 53, NULL, NULL),
(462, 64, 17, 55, NULL, NULL),
(463, 66, 9, 26, NULL, NULL),
(464, 66, 10, 28, NULL, NULL),
(465, 66, 11, 33, NULL, NULL),
(466, 66, 12, 38, NULL, NULL),
(467, 66, 13, 40, NULL, NULL),
(468, 66, 14, 46, NULL, NULL),
(469, 66, 15, 50, NULL, NULL),
(470, 66, 16, 53, NULL, NULL),
(471, 66, 17, 55, NULL, NULL),
(472, 67, 19, 63, NULL, NULL),
(473, 68, 9, 26, NULL, NULL),
(474, 68, 10, 28, NULL, NULL),
(475, 68, 11, 33, NULL, NULL),
(476, 67, 20, 68, NULL, NULL),
(477, 68, 12, 38, NULL, NULL),
(478, 67, 21, 71, NULL, NULL),
(479, 67, 22, 77, NULL, NULL),
(480, 68, 13, 41, NULL, NULL),
(481, 67, 23, 81, NULL, NULL),
(482, 68, 14, 46, NULL, NULL),
(483, 68, 15, 50, NULL, NULL),
(484, 68, 16, 53, NULL, NULL),
(485, 68, 17, 55, NULL, NULL),
(486, 67, 24, 84, NULL, NULL),
(487, 67, 25, 90, NULL, NULL),
(488, 67, 26, 94, NULL, NULL),
(489, 68, 18, 60, NULL, NULL),
(490, 67, 27, 95, NULL, NULL),
(491, 67, 28, 100, NULL, NULL),
(492, 70, 9, 26, NULL, NULL),
(493, 70, 10, 28, NULL, NULL),
(494, 69, 24, 83, NULL, NULL),
(495, 70, 11, 33, NULL, NULL),
(496, 70, 12, 38, NULL, NULL),
(497, 70, 13, 40, NULL, NULL),
(498, 70, 14, 46, NULL, NULL),
(499, 69, 25, 87, NULL, NULL),
(500, 69, 26, 94, NULL, NULL),
(501, 69, 27, 95, NULL, NULL),
(502, 70, 15, 50, NULL, NULL),
(503, 70, 16, 53, NULL, NULL),
(504, 70, 17, 55, NULL, NULL),
(505, 70, 18, 60, NULL, NULL),
(506, 69, 28, 100, NULL, NULL),
(507, 69, 29, 103, NULL, NULL),
(508, 69, 30, 108, NULL, NULL),
(509, 69, 31, 113, NULL, NULL),
(510, 69, 32, 116, NULL, NULL),
(511, 69, 33, 122, NULL, NULL),
(512, 71, 24, 83, NULL, NULL),
(513, 71, 25, 90, NULL, NULL),
(514, 71, 26, 94, NULL, NULL),
(515, 71, 27, 95, NULL, NULL),
(516, 71, 28, 100, NULL, NULL),
(517, 71, 29, 103, NULL, NULL),
(518, 71, 30, 108, NULL, NULL),
(519, 71, 31, 113, NULL, NULL),
(520, 71, 32, 116, NULL, NULL),
(521, 71, 33, 122, NULL, NULL),
(522, 73, 34, 124, NULL, NULL),
(523, 72, 34, 124, NULL, NULL),
(524, 72, 36, 134, NULL, NULL),
(525, 77, 34, 124, NULL, NULL),
(526, 75, 34, 124, NULL, NULL),
(527, 76, 34, 124, NULL, NULL),
(528, 77, 35, 129, NULL, NULL),
(529, 72, 37, 138, NULL, NULL),
(530, 77, 36, 134, NULL, NULL),
(531, 77, 37, 138, NULL, NULL),
(532, 78, 36, 134, NULL, NULL),
(533, 78, 37, 138, NULL, NULL),
(534, 74, 26, 94, NULL, NULL),
(535, 78, 38, 139, NULL, NULL),
(536, 72, 38, 139, NULL, NULL),
(537, 73, 38, 141, NULL, NULL),
(538, 73, 39, 145, NULL, NULL),
(539, 77, 40, 150, NULL, NULL),
(540, 77, 39, 146, NULL, NULL),
(541, 77, 38, 139, NULL, NULL),
(542, 76, 35, 129, NULL, NULL),
(543, 75, 35, 129, NULL, NULL),
(544, 77, 41, 151, NULL, NULL),
(545, 75, 37, 138, NULL, NULL),
(546, 76, 37, 138, NULL, NULL),
(547, 77, 42, 158, NULL, NULL),
(548, 74, 29, 103, NULL, NULL),
(549, 74, 30, 108, NULL, NULL),
(550, 82, 34, 123, NULL, NULL),
(551, 73, 41, 154, NULL, NULL),
(552, 82, 35, 130, NULL, NULL),
(553, 73, 42, 158, NULL, NULL),
(554, 74, 31, 113, NULL, NULL),
(555, 81, 34, 125, NULL, NULL),
(556, 72, 41, 153, NULL, NULL),
(557, 79, 34, 126, NULL, NULL),
(558, 82, 36, 134, NULL, NULL),
(559, 72, 42, 158, NULL, NULL),
(560, 77, 43, 162, NULL, NULL),
(561, 78, 40, 150, NULL, NULL),
(562, 81, 35, 129, NULL, NULL),
(563, 78, 41, 151, NULL, NULL),
(564, 79, 35, 129, NULL, NULL),
(565, 78, 42, 158, NULL, NULL),
(566, 73, 43, 162, NULL, NULL),
(567, 76, 39, 144, NULL, NULL),
(568, 75, 39, 144, NULL, NULL),
(569, 78, 43, 159, NULL, NULL),
(570, 74, 24, 83, NULL, NULL),
(571, 74, 25, 89, NULL, NULL),
(572, 79, 36, 134, NULL, NULL),
(573, 81, 38, 140, NULL, NULL),
(574, 74, 28, 100, NULL, NULL),
(575, 79, 37, 138, NULL, NULL),
(576, 84, 19, 64, NULL, NULL),
(577, 87, 34, 124, NULL, NULL),
(578, 81, 41, 153, NULL, NULL),
(579, 86, 14, 44, NULL, NULL),
(580, 76, 42, 158, NULL, NULL),
(581, 87, 35, 129, NULL, NULL),
(582, 82, 38, 139, NULL, NULL),
(583, 83, 35, 129, NULL, NULL),
(584, 81, 42, 158, NULL, NULL),
(585, 84, 24, 86, NULL, NULL),
(586, 85, 36, 134, NULL, NULL),
(587, 74, 27, 95, NULL, NULL),
(588, 87, 36, 134, NULL, NULL),
(589, 87, 37, 138, NULL, NULL),
(590, 87, 38, 139, NULL, NULL),
(591, 87, 39, 144, NULL, NULL),
(592, 87, 40, 150, NULL, NULL),
(593, 84, 27, 98, NULL, NULL),
(594, 79, 38, 139, NULL, NULL),
(595, 81, 43, 162, NULL, NULL),
(596, 88, 19, 64, NULL, NULL),
(597, 87, 41, 151, NULL, NULL),
(598, 84, 28, 100, NULL, NULL),
(599, 87, 42, 158, NULL, NULL),
(600, 83, 37, 138, NULL, NULL),
(601, 86, 17, 55, NULL, NULL),
(602, 87, 43, 162, NULL, NULL),
(603, 79, 39, 144, NULL, NULL),
(604, 74, 32, 117, NULL, NULL),
(605, 79, 40, 150, NULL, NULL),
(606, 74, 33, 122, NULL, NULL),
(607, 79, 41, 152, NULL, NULL),
(608, 79, 42, 158, NULL, NULL),
(609, 89, 31, 114, NULL, NULL),
(610, 79, 43, 162, NULL, NULL),
(611, 89, 32, 118, NULL, NULL),
(612, 83, 40, 150, NULL, NULL),
(613, 90, 36, 131, NULL, NULL),
(614, 88, 26, 94, NULL, NULL),
(615, 90, 37, 137, NULL, NULL),
(616, 90, 38, 139, NULL, NULL),
(617, 93, 39, 143, NULL, NULL),
(618, 88, 27, 95, NULL, NULL),
(619, 90, 39, 145, NULL, NULL),
(620, 92, 34, 124, NULL, NULL),
(621, 90, 40, 149, NULL, NULL),
(622, 93, 40, 150, NULL, NULL),
(623, 92, 35, 129, NULL, NULL),
(624, 90, 41, 153, NULL, NULL),
(625, 93, 41, 151, NULL, NULL),
(626, 92, 36, 134, NULL, NULL),
(627, 92, 37, 138, NULL, NULL),
(628, 90, 42, 155, NULL, NULL),
(629, 92, 38, 139, NULL, NULL),
(630, 93, 43, 160, NULL, NULL),
(631, 90, 43, 162, NULL, NULL),
(632, 83, 42, 158, NULL, NULL),
(633, 93, 44, 166, NULL, NULL),
(634, 93, 45, 170, NULL, NULL),
(635, 92, 39, 144, NULL, NULL),
(636, 93, 46, 171, NULL, NULL),
(637, 94, 34, 124, NULL, NULL),
(638, 93, 47, 177, NULL, NULL),
(639, 92, 40, 150, NULL, NULL),
(640, 93, 48, 182, NULL, NULL),
(641, 91, 34, 126, NULL, NULL),
(642, 92, 41, 152, NULL, NULL),
(643, 94, 35, 130, NULL, NULL),
(644, 92, 42, 158, NULL, NULL),
(645, 91, 35, 130, NULL, NULL),
(646, 92, 43, 162, NULL, NULL),
(647, 94, 36, 134, NULL, NULL),
(648, 91, 36, 134, NULL, NULL),
(649, 94, 37, 138, NULL, NULL),
(650, 94, 38, 139, NULL, NULL),
(651, 91, 37, 138, NULL, NULL),
(652, 83, 43, 162, NULL, NULL),
(653, 94, 39, 144, NULL, NULL),
(654, 94, 40, 150, NULL, NULL),
(655, 97, 19, 64, NULL, NULL),
(656, 91, 39, 144, NULL, NULL),
(657, 91, 40, 150, NULL, NULL),
(658, 95, 9, 26, NULL, NULL),
(659, 94, 41, 151, NULL, NULL),
(660, 96, 41, 152, NULL, NULL),
(661, 96, 42, 158, NULL, NULL),
(662, 96, 43, 162, NULL, NULL),
(663, 94, 42, 158, NULL, NULL),
(664, 97, 20, 70, NULL, NULL),
(665, 94, 43, 162, NULL, NULL),
(666, 97, 21, 71, NULL, NULL),
(667, 96, 48, 182, NULL, NULL),
(668, 99, 39, 145, NULL, NULL),
(669, 97, 22, 77, NULL, NULL),
(670, 95, 12, 38, NULL, NULL),
(671, 95, 13, 41, NULL, NULL),
(672, 97, 23, 81, NULL, NULL),
(673, 99, 40, 150, NULL, NULL),
(674, 99, 41, 151, NULL, NULL),
(675, 99, 42, 158, NULL, NULL),
(676, 98, 35, 129, NULL, NULL),
(677, 95, 15, 50, NULL, NULL),
(678, 99, 43, 162, NULL, NULL),
(679, 97, 24, 83, NULL, NULL),
(680, 95, 16, 53, NULL, NULL),
(681, 98, 36, 132, NULL, NULL),
(682, 97, 25, 90, NULL, NULL),
(683, 100, 24, 83, NULL, NULL),
(684, 99, 44, 166, NULL, NULL),
(685, 99, 45, 170, NULL, NULL),
(686, 97, 26, 93, NULL, NULL),
(687, 98, 37, 138, NULL, NULL),
(688, 95, 17, 57, NULL, NULL),
(689, 97, 27, 98, NULL, NULL),
(690, 99, 46, 171, NULL, NULL),
(691, 98, 39, 145, NULL, NULL),
(692, 100, 25, 89, NULL, NULL),
(693, 97, 28, 100, NULL, NULL),
(694, 100, 26, 93, NULL, NULL),
(695, 95, 18, 59, NULL, NULL),
(696, 99, 47, 175, NULL, NULL),
(697, 99, 48, 182, NULL, NULL),
(698, 100, 27, 97, NULL, NULL),
(699, 98, 40, 148, NULL, NULL),
(700, 100, 28, 102, NULL, NULL),
(701, 98, 41, 153, NULL, NULL),
(702, 98, 42, 155, NULL, NULL),
(703, 100, 29, 103, NULL, NULL),
(704, 98, 43, 161, NULL, NULL),
(705, 100, 30, 108, NULL, NULL),
(706, 100, 31, 113, NULL, NULL),
(707, 100, 32, 117, NULL, NULL),
(708, 101, 24, 84, NULL, NULL),
(709, 101, 25, 89, NULL, NULL),
(710, 102, 34, 126, NULL, NULL),
(711, 103, 49, 186, NULL, NULL),
(712, 101, 26, 93, NULL, NULL),
(713, 101, 27, 95, NULL, NULL),
(714, 100, 33, 119, NULL, NULL),
(715, 101, 28, 100, NULL, NULL),
(716, 102, 35, 127, NULL, NULL),
(717, 103, 50, 188, NULL, NULL),
(718, 102, 36, 134, NULL, NULL),
(719, 103, 51, 194, NULL, NULL),
(720, 101, 29, 103, NULL, NULL),
(721, 103, 52, 198, NULL, NULL),
(722, 102, 37, 138, NULL, NULL),
(723, 104, 24, 83, NULL, NULL),
(724, 104, 25, 89, NULL, NULL),
(725, 104, 26, 93, NULL, NULL),
(726, 103, 53, 199, NULL, NULL),
(727, 101, 30, 108, NULL, NULL),
(728, 102, 38, 139, NULL, NULL),
(729, 101, 31, 113, NULL, NULL),
(730, 101, 32, 115, NULL, NULL),
(731, 101, 33, 121, NULL, NULL),
(732, 102, 39, 145, NULL, NULL),
(733, 102, 40, 150, NULL, NULL),
(734, 103, 54, 203, NULL, NULL),
(735, 102, 41, 151, NULL, NULL),
(736, 104, 27, 95, NULL, NULL),
(737, 102, 42, 158, NULL, NULL),
(738, 102, 43, 162, NULL, NULL),
(739, 106, 24, 83, NULL, NULL),
(740, 104, 28, 99, NULL, NULL),
(741, 106, 25, 90, NULL, NULL),
(742, 104, 29, 103, NULL, NULL),
(743, 103, 55, 210, NULL, NULL),
(744, 107, 24, 86, NULL, NULL),
(745, 106, 26, 94, NULL, NULL),
(746, 107, 25, 90, NULL, NULL),
(747, 107, 26, 93, NULL, NULL),
(748, 107, 27, 96, NULL, NULL),
(749, 103, 56, 213, NULL, NULL),
(750, 106, 27, 95, NULL, NULL),
(751, 106, 28, 100, NULL, NULL),
(752, 107, 28, 100, NULL, NULL),
(753, 104, 30, 108, NULL, NULL),
(754, 107, 29, 103, NULL, NULL),
(755, 107, 30, 108, NULL, NULL),
(756, 103, 57, 216, NULL, NULL),
(757, 106, 29, 103, NULL, NULL),
(758, 107, 31, 112, NULL, NULL),
(759, 107, 32, 116, NULL, NULL),
(760, 104, 31, 113, NULL, NULL),
(761, 106, 30, 108, NULL, NULL),
(762, 104, 32, 116, NULL, NULL),
(763, 107, 33, 121, NULL, NULL),
(764, 104, 33, 122, NULL, NULL),
(765, 106, 31, 113, NULL, NULL),
(766, 103, 58, 219, NULL, NULL),
(767, 106, 32, 116, NULL, NULL),
(768, 109, 24, 83, NULL, NULL),
(769, 109, 25, 87, NULL, NULL),
(770, 108, 24, 83, NULL, NULL),
(771, 106, 33, 122, NULL, NULL),
(772, 109, 26, 91, NULL, NULL),
(773, 108, 25, 89, NULL, NULL),
(774, 109, 27, 95, NULL, NULL),
(775, 109, 28, 100, NULL, NULL),
(776, 109, 29, 103, NULL, NULL),
(777, 109, 30, 108, NULL, NULL),
(778, 109, 31, 111, NULL, NULL),
(779, 110, 24, 86, NULL, NULL),
(780, 109, 32, 115, NULL, NULL),
(781, 110, 25, 89, NULL, NULL),
(782, 110, 26, 94, NULL, NULL),
(783, 109, 33, 119, NULL, NULL),
(784, 110, 27, 95, NULL, NULL),
(785, 108, 27, 95, NULL, NULL),
(786, 110, 28, 100, NULL, NULL),
(787, 108, 28, 100, NULL, NULL),
(788, 110, 29, 103, NULL, NULL),
(789, 108, 29, 103, NULL, NULL),
(790, 110, 30, 108, NULL, NULL),
(791, 112, 39, 145, NULL, NULL),
(792, 112, 40, 149, NULL, NULL),
(793, 112, 41, 152, NULL, NULL),
(794, 108, 30, 108, NULL, NULL),
(795, 112, 42, 155, NULL, NULL),
(796, 112, 43, 162, NULL, NULL),
(797, 112, 44, 166, NULL, NULL),
(798, 108, 31, 113, NULL, NULL),
(799, 110, 31, 113, NULL, NULL),
(800, 112, 45, 167, NULL, NULL),
(801, 112, 46, 171, NULL, NULL),
(802, 112, 47, 176, NULL, NULL),
(803, 111, 24, 83, NULL, NULL),
(804, 111, 25, 90, NULL, NULL),
(805, 112, 48, 180, NULL, NULL),
(806, 108, 32, 116, NULL, NULL),
(807, 111, 26, 94, NULL, NULL),
(808, 110, 32, 116, NULL, NULL),
(809, 111, 27, 95, NULL, NULL),
(810, 113, 39, 144, NULL, NULL),
(811, 113, 40, 149, NULL, NULL),
(812, 111, 28, 100, NULL, NULL),
(813, 113, 41, 151, NULL, NULL),
(814, 113, 42, 155, NULL, NULL),
(815, 108, 33, 122, NULL, NULL),
(816, 113, 43, 162, NULL, NULL),
(817, 113, 44, 166, NULL, NULL),
(818, 111, 29, 103, NULL, NULL),
(819, 113, 45, 167, NULL, NULL),
(820, 114, 39, 145, NULL, NULL),
(821, 113, 46, 172, NULL, NULL),
(822, 113, 47, 176, NULL, NULL),
(823, 110, 33, 122, NULL, NULL),
(824, 113, 48, 179, NULL, NULL),
(825, 111, 30, 108, NULL, NULL),
(826, 114, 40, 150, NULL, NULL),
(827, 111, 31, 113, NULL, NULL),
(828, 117, 39, 144, NULL, NULL),
(829, 117, 40, 150, NULL, NULL),
(830, 118, 39, 144, NULL, NULL),
(831, 117, 41, 151, NULL, NULL),
(832, 118, 40, 149, NULL, NULL),
(833, 111, 32, 116, NULL, NULL),
(834, 118, 41, 152, NULL, NULL),
(835, 118, 42, 155, NULL, NULL),
(836, 116, 24, 83, NULL, NULL),
(837, 118, 43, 162, NULL, NULL),
(838, 118, 44, 166, NULL, NULL),
(839, 118, 45, 167, NULL, NULL),
(840, 118, 46, 171, NULL, NULL),
(841, 111, 33, 122, NULL, NULL),
(842, 118, 47, 176, NULL, NULL),
(843, 117, 42, 158, NULL, NULL),
(844, 118, 48, 180, NULL, NULL),
(845, 114, 41, 151, NULL, NULL),
(846, 116, 25, 87, NULL, NULL),
(847, 116, 26, 94, NULL, NULL),
(848, 116, 27, 95, NULL, NULL),
(849, 114, 42, 158, NULL, NULL),
(850, 116, 28, 100, NULL, NULL),
(851, 119, 39, 144, NULL, NULL),
(852, 116, 29, 103, NULL, NULL),
(853, 117, 43, 162, NULL, NULL),
(854, 114, 43, 162, NULL, NULL),
(855, 115, 41, 151, NULL, NULL),
(856, 119, 40, 150, NULL, NULL),
(857, 115, 40, 149, NULL, NULL),
(858, 119, 41, 151, NULL, NULL),
(859, 120, 34, 126, NULL, NULL),
(860, 116, 30, 108, NULL, NULL),
(861, 115, 39, 145, NULL, NULL),
(862, 117, 44, 166, NULL, NULL),
(863, 116, 31, 114, NULL, NULL),
(864, 116, 32, 116, NULL, NULL),
(865, 114, 44, 166, NULL, NULL),
(866, 119, 42, 158, NULL, NULL),
(867, 115, 42, 155, NULL, NULL),
(868, 114, 45, 170, NULL, NULL),
(869, 116, 33, 122, NULL, NULL),
(870, 117, 45, 170, NULL, NULL),
(871, 119, 43, 162, NULL, NULL),
(872, 115, 43, 159, NULL, NULL),
(873, 114, 46, 171, NULL, NULL),
(874, 119, 44, 166, NULL, NULL),
(875, 117, 46, 171, NULL, NULL),
(876, 121, 9, 26, NULL, NULL),
(877, 119, 45, 170, NULL, NULL),
(878, 121, 10, 30, NULL, NULL),
(879, 121, 11, 33, NULL, NULL),
(880, 120, 35, 129, NULL, NULL),
(881, 121, 12, 38, NULL, NULL),
(882, 120, 36, 132, NULL, NULL),
(883, 121, 13, 41, NULL, NULL),
(884, 119, 46, 171, NULL, NULL),
(885, 121, 14, 46, NULL, NULL),
(886, 120, 37, 138, NULL, NULL),
(887, 117, 47, 176, NULL, NULL),
(888, 121, 15, 50, NULL, NULL),
(889, 121, 16, 53, NULL, NULL),
(890, 114, 47, 175, NULL, NULL),
(891, 120, 38, 142, NULL, NULL),
(892, 115, 47, 175, NULL, NULL),
(893, 121, 17, 55, NULL, NULL),
(894, 115, 48, 179, NULL, NULL),
(895, 119, 47, 175, NULL, NULL),
(896, 120, 39, 145, NULL, NULL),
(897, 120, 40, 150, NULL, NULL),
(898, 117, 48, 182, NULL, NULL),
(899, 121, 18, 61, NULL, NULL),
(900, 114, 48, 182, NULL, NULL),
(901, 119, 48, 182, NULL, NULL),
(902, 120, 41, 151, NULL, NULL),
(903, 120, 42, 155, NULL, NULL),
(904, 123, 39, 145, NULL, NULL),
(905, 124, 39, 144, NULL, NULL),
(906, 122, 9, 26, NULL, NULL),
(907, 120, 43, 162, NULL, NULL),
(908, 124, 40, 150, NULL, NULL),
(909, 124, 41, 151, NULL, NULL),
(910, 122, 10, 28, NULL, NULL),
(911, 124, 42, 158, NULL, NULL),
(912, 122, 11, 33, NULL, NULL),
(913, 124, 43, 162, NULL, NULL),
(914, 124, 44, 166, NULL, NULL),
(915, 124, 45, 170, NULL, NULL),
(916, 125, 39, 145, NULL, NULL),
(917, 124, 46, 171, NULL, NULL),
(918, 122, 12, 36, NULL, NULL),
(919, 124, 47, 176, NULL, NULL),
(920, 124, 48, 182, NULL, NULL),
(921, 125, 40, 150, NULL, NULL),
(922, 123, 40, 150, NULL, NULL),
(923, 122, 13, 41, NULL, NULL),
(924, 125, 41, 151, NULL, NULL),
(925, 123, 41, 151, NULL, NULL),
(926, 122, 14, 46, NULL, NULL),
(927, 122, 15, 50, NULL, NULL),
(928, 122, 16, 53, NULL, NULL),
(929, 125, 42, 158, NULL, NULL),
(930, 122, 17, 55, NULL, NULL),
(931, 123, 42, 158, NULL, NULL),
(932, 122, 18, 60, NULL, NULL),
(933, 123, 43, 162, NULL, NULL),
(934, 125, 43, 162, NULL, NULL),
(935, 123, 44, 166, NULL, NULL),
(936, 123, 45, 170, NULL, NULL),
(937, 125, 44, 166, NULL, NULL),
(938, 126, 39, 145, NULL, NULL),
(939, 123, 46, 171, NULL, NULL),
(940, 126, 40, 150, NULL, NULL),
(941, 126, 41, 151, NULL, NULL),
(942, 126, 42, 158, NULL, NULL),
(943, 125, 45, 170, NULL, NULL),
(944, 125, 46, 171, NULL, NULL),
(945, 125, 47, 176, NULL, NULL),
(946, 125, 48, 182, NULL, NULL),
(947, 123, 47, 176, NULL, NULL),
(948, 123, 48, 182, NULL, NULL),
(949, 126, 43, 162, NULL, NULL),
(950, 127, 24, 83, NULL, NULL),
(951, 127, 25, 90, NULL, NULL),
(952, 127, 26, 94, NULL, NULL),
(953, 126, 44, 166, NULL, NULL),
(954, 126, 45, 170, NULL, NULL),
(955, 127, 27, 95, NULL, NULL),
(956, 126, 46, 171, NULL, NULL),
(957, 127, 28, 100, NULL, NULL),
(958, 126, 47, 177, NULL, NULL),
(959, 126, 48, 182, NULL, NULL),
(960, 127, 29, 103, NULL, NULL),
(961, 128, 39, 145, NULL, NULL),
(962, 127, 30, 108, NULL, NULL),
(963, 128, 40, 150, NULL, NULL),
(964, 127, 31, 113, NULL, NULL),
(965, 128, 41, 151, NULL, NULL),
(966, 128, 42, 155, NULL, NULL),
(967, 127, 32, 116, NULL, NULL),
(968, 128, 43, 162, NULL, NULL),
(969, 127, 33, 122, NULL, NULL),
(970, 128, 44, 166, NULL, NULL),
(971, 128, 45, 170, NULL, NULL),
(972, 128, 46, 173, NULL, NULL),
(973, 128, 47, 176, NULL, NULL),
(974, 128, 48, 182, NULL, NULL),
(975, 129, 49, 186, NULL, NULL),
(976, 129, 50, 188, NULL, NULL),
(977, 129, 51, 194, NULL, NULL),
(978, 129, 52, 198, NULL, NULL),
(979, 130, 39, 144, NULL, NULL),
(980, 130, 40, 149, NULL, NULL),
(981, 130, 41, 151, NULL, NULL),
(982, 130, 42, 158, NULL, NULL),
(983, 130, 43, 162, NULL, NULL),
(984, 129, 53, 200, NULL, NULL),
(985, 130, 44, 166, NULL, NULL),
(986, 130, 45, 170, NULL, NULL),
(987, 130, 46, 171, NULL, NULL),
(988, 130, 47, 176, NULL, NULL),
(989, 130, 48, 182, NULL, NULL),
(990, 131, 9, 26, NULL, NULL),
(991, 129, 54, 203, NULL, NULL),
(992, 131, 10, 28, NULL, NULL),
(993, 131, 11, 33, NULL, NULL),
(994, 131, 12, 38, NULL, NULL),
(995, 131, 13, 39, NULL, NULL),
(996, 132, 24, 83, NULL, NULL),
(997, 129, 55, 210, NULL, NULL),
(998, 132, 25, 87, NULL, NULL),
(999, 132, 26, 94, NULL, NULL),
(1000, 132, 27, 95, NULL, NULL),
(1001, 132, 28, 100, NULL, NULL),
(1002, 131, 14, 46, NULL, NULL),
(1003, 131, 15, 50, NULL, NULL),
(1004, 131, 16, 53, NULL, NULL),
(1005, 129, 56, 213, NULL, NULL),
(1006, 131, 17, 58, NULL, NULL),
(1007, 131, 18, 60, NULL, NULL),
(1008, 129, 57, 217, NULL, NULL),
(1009, 132, 29, 103, NULL, NULL),
(1010, 132, 30, 108, NULL, NULL),
(1011, 132, 31, 113, NULL, NULL),
(1012, 132, 32, 116, NULL, NULL),
(1013, 129, 58, 220, NULL, NULL),
(1014, 132, 33, 122, NULL, NULL),
(1015, 133, 39, 144, NULL, NULL),
(1016, 133, 40, 150, NULL, NULL),
(1017, 134, 39, 144, NULL, NULL),
(1018, 134, 40, 150, NULL, NULL),
(1019, 134, 41, 151, NULL, NULL),
(1020, 134, 42, 158, NULL, NULL),
(1021, 134, 43, 162, NULL, NULL),
(1022, 134, 44, 166, NULL, NULL),
(1023, 135, 4, 3, NULL, NULL),
(1024, 134, 45, 170, NULL, NULL),
(1025, 135, 5, 7, NULL, NULL),
(1026, 135, 6, 13, NULL, NULL),
(1027, 134, 46, 171, NULL, NULL),
(1028, 134, 47, 176, NULL, NULL),
(1029, 134, 48, 182, NULL, NULL),
(1030, 135, 8, 21, NULL, NULL),
(1031, 135, 9, 25, NULL, NULL),
(1032, 135, 10, 28, NULL, NULL),
(1033, 135, 11, 34, NULL, NULL),
(1034, 135, 12, 36, NULL, NULL),
(1035, 135, 13, 41, NULL, NULL),
(1036, 136, 54, 203, NULL, NULL),
(1037, 136, 55, 210, NULL, NULL),
(1038, 136, 56, 213, NULL, NULL),
(1039, 136, 57, 216, NULL, NULL),
(1040, 136, 58, 219, NULL, NULL),
(1041, 136, 59, 226, NULL, NULL),
(1042, 136, 60, 228, NULL, NULL),
(1043, 136, 61, 231, NULL, NULL),
(1044, 136, 62, 237, NULL, NULL),
(1045, 136, 63, 239, NULL, NULL),
(1046, 137, 49, 186, NULL, NULL),
(1047, 137, 50, 188, NULL, NULL),
(1048, 137, 51, 194, NULL, NULL),
(1049, 137, 52, 198, NULL, NULL),
(1050, 137, 53, 200, NULL, NULL),
(1051, 137, 54, 206, NULL, NULL),
(1052, 137, 55, 208, NULL, NULL),
(1053, 137, 56, 214, NULL, NULL),
(1054, 137, 57, 217, NULL, NULL),
(1055, 137, 58, 221, NULL, NULL),
(1056, 138, 9, 26, NULL, NULL),
(1057, 138, 10, 28, NULL, NULL),
(1058, 138, 11, 33, NULL, NULL),
(1059, 138, 12, 38, NULL, NULL),
(1060, 138, 13, 41, NULL, NULL),
(1061, 138, 14, 46, NULL, NULL),
(1062, 138, 15, 50, NULL, NULL),
(1063, 138, 16, 53, NULL, NULL),
(1064, 138, 17, 55, NULL, NULL),
(1065, 138, 18, 59, NULL, NULL),
(1066, 139, 24, 83, NULL, NULL),
(1067, 139, 25, 90, NULL, NULL),
(1068, 139, 26, 94, NULL, NULL),
(1069, 139, 27, 98, NULL, NULL),
(1070, 139, 28, 100, NULL, NULL),
(1071, 139, 29, 103, NULL, NULL),
(1072, 139, 30, 108, NULL, NULL),
(1073, 139, 31, 113, NULL, NULL),
(1074, 139, 32, 116, NULL, NULL),
(1075, 139, 33, 122, NULL, NULL),
(1076, 140, 39, 145, NULL, NULL),
(1077, 140, 40, 150, NULL, NULL),
(1078, 140, 41, 151, NULL, NULL),
(1079, 140, 42, 158, NULL, NULL),
(1080, 140, 43, 162, NULL, NULL),
(1081, 140, 44, 166, NULL, NULL),
(1082, 140, 45, 170, NULL, NULL),
(1083, 140, 46, 171, NULL, NULL),
(1084, 140, 47, 175, NULL, NULL),
(1085, 140, 48, 182, NULL, NULL),
(1086, 141, 9, 26, NULL, NULL),
(1087, 141, 10, 28, NULL, NULL),
(1088, 141, 11, 33, NULL, NULL),
(1089, 141, 12, 38, NULL, NULL),
(1090, 141, 13, 42, NULL, NULL),
(1091, 142, 9, 26, NULL, NULL),
(1092, 141, 14, 46, NULL, NULL),
(1093, 141, 15, 50, NULL, NULL),
(1094, 142, 10, 28, NULL, NULL),
(1095, 141, 16, 53, NULL, NULL),
(1096, 141, 17, 55, NULL, NULL),
(1097, 142, 11, 33, NULL, NULL),
(1098, 142, 12, 38, NULL, NULL),
(1099, 142, 14, 44, NULL, NULL),
(1100, 141, 18, 59, NULL, NULL),
(1101, 142, 15, 50, NULL, NULL),
(1102, 142, 13, 39, NULL, NULL),
(1103, 143, 9, 26, NULL, NULL),
(1104, 142, 16, 53, NULL, NULL),
(1105, 143, 10, 28, NULL, NULL),
(1106, 143, 11, 33, NULL, NULL),
(1107, 142, 17, 55, NULL, NULL),
(1108, 142, 18, 61, NULL, NULL),
(1109, 143, 12, 36, NULL, NULL),
(1110, 143, 13, 42, NULL, NULL),
(1111, 144, 24, 83, NULL, NULL),
(1112, 143, 14, 46, NULL, NULL),
(1113, 143, 15, 50, NULL, NULL),
(1114, 144, 25, 90, NULL, NULL),
(1115, 144, 26, 93, NULL, NULL),
(1116, 143, 16, 53, NULL, NULL),
(1117, 143, 17, 55, NULL, NULL),
(1118, 143, 18, 62, NULL, NULL),
(1119, 145, 19, 64, NULL, NULL),
(1120, 144, 27, 95, NULL, NULL),
(1121, 145, 20, 68, NULL, NULL),
(1122, 144, 28, 100, NULL, NULL),
(1123, 145, 21, 71, NULL, NULL),
(1124, 145, 22, 77, NULL, NULL),
(1125, 144, 29, 104, NULL, NULL),
(1126, 145, 23, 81, NULL, NULL),
(1127, 144, 30, 108, NULL, NULL),
(1128, 145, 24, 83, NULL, NULL),
(1129, 144, 31, 111, NULL, NULL),
(1130, 144, 32, 115, NULL, NULL),
(1131, 145, 25, 90, NULL, NULL),
(1132, 145, 26, 94, NULL, NULL),
(1133, 144, 33, 121, NULL, NULL),
(1134, 145, 27, 95, NULL, NULL),
(1135, 145, 28, 100, NULL, NULL),
(1136, 146, 39, 145, NULL, NULL),
(1137, 147, 24, 83, NULL, NULL),
(1138, 146, 40, 150, NULL, NULL),
(1139, 147, 25, 90, NULL, NULL),
(1140, 146, 41, 153, NULL, NULL),
(1141, 147, 26, 94, NULL, NULL),
(1142, 147, 27, 95, NULL, NULL),
(1143, 146, 42, 158, NULL, NULL),
(1144, 147, 28, 100, NULL, NULL),
(1145, 146, 43, 160, NULL, NULL),
(1146, 147, 29, 103, NULL, NULL),
(1147, 147, 30, 108, NULL, NULL),
(1148, 146, 44, 166, NULL, NULL),
(1149, 147, 31, 113, NULL, NULL),
(1150, 146, 45, 170, NULL, NULL),
(1151, 147, 32, 116, NULL, NULL),
(1152, 146, 46, 171, NULL, NULL),
(1153, 147, 33, 122, NULL, NULL),
(1154, 146, 47, 175, NULL, NULL),
(1155, 148, 34, 124, NULL, NULL),
(1156, 146, 48, 182, NULL, NULL),
(1157, 148, 35, 130, NULL, NULL),
(1158, 148, 36, 134, NULL, NULL),
(1159, 148, 37, 138, NULL, NULL),
(1160, 148, 38, 139, NULL, NULL),
(1161, 148, 39, 144, NULL, NULL),
(1162, 148, 40, 150, NULL, NULL),
(1163, 148, 41, 152, NULL, NULL),
(1164, 148, 42, 158, NULL, NULL),
(1165, 148, 43, 162, NULL, NULL),
(1166, 149, 39, 145, NULL, NULL),
(1167, 149, 40, 149, NULL, NULL),
(1168, 149, 41, 152, NULL, NULL),
(1169, 149, 42, 156, NULL, NULL),
(1170, 149, 43, 159, NULL, NULL),
(1171, 149, 44, 166, NULL, NULL),
(1172, 149, 45, 170, NULL, NULL),
(1173, 149, 46, 171, NULL, NULL),
(1174, 149, 47, 175, NULL, NULL),
(1175, 149, 48, 182, NULL, NULL),
(1176, 151, 39, 144, NULL, NULL),
(1177, 150, 9, 26, NULL, NULL),
(1178, 151, 40, 150, NULL, NULL),
(1179, 150, 10, 28, NULL, NULL),
(1180, 151, 41, 152, NULL, NULL),
(1181, 150, 11, 33, NULL, NULL),
(1182, 151, 42, 158, NULL, NULL),
(1183, 151, 43, 162, NULL, NULL),
(1184, 152, 39, 143, NULL, NULL),
(1185, 151, 44, 166, NULL, NULL),
(1186, 152, 40, 149, NULL, NULL),
(1187, 152, 41, 154, NULL, NULL),
(1188, 151, 45, 167, NULL, NULL),
(1189, 152, 42, 156, NULL, NULL),
(1190, 152, 43, 162, NULL, NULL),
(1191, 152, 44, 164, NULL, NULL),
(1192, 152, 45, 170, NULL, NULL),
(1193, 152, 46, 171, NULL, NULL),
(1194, 152, 47, 175, NULL, NULL),
(1195, 152, 48, 181, NULL, NULL),
(1196, 151, 46, 171, NULL, NULL),
(1197, 153, 9, 26, NULL, NULL),
(1198, 150, 12, 38, NULL, NULL),
(1199, 153, 10, 28, NULL, NULL),
(1200, 150, 13, 41, NULL, NULL),
(1201, 151, 47, 176, NULL, NULL),
(1202, 153, 11, 33, NULL, NULL),
(1203, 153, 12, 38, NULL, NULL),
(1204, 151, 48, 182, NULL, NULL),
(1205, 153, 13, 42, NULL, NULL),
(1206, 154, 9, 25, NULL, NULL),
(1207, 153, 14, 46, NULL, NULL),
(1208, 154, 10, 28, NULL, NULL),
(1209, 150, 14, 46, NULL, NULL),
(1210, 153, 15, 50, NULL, NULL),
(1211, 150, 15, 50, NULL, NULL),
(1212, 154, 11, 33, NULL, NULL),
(1213, 153, 16, 53, NULL, NULL),
(1214, 150, 16, 53, NULL, NULL),
(1215, 154, 12, 36, NULL, NULL),
(1216, 153, 17, 55, NULL, NULL),
(1217, 150, 17, 55, NULL, NULL),
(1218, 154, 13, 41, NULL, NULL),
(1219, 150, 18, 60, NULL, NULL),
(1220, 155, 9, 26, NULL, NULL),
(1221, 155, 10, 28, NULL, NULL),
(1222, 153, 18, 60, NULL, NULL),
(1223, 155, 11, 33, NULL, NULL),
(1224, 154, 14, 46, NULL, NULL),
(1225, 155, 12, 35, NULL, NULL),
(1226, 154, 15, 47, NULL, NULL),
(1227, 154, 16, 53, NULL, NULL),
(1228, 155, 13, 41, NULL, NULL),
(1229, 155, 14, 46, NULL, NULL),
(1230, 154, 17, 55, NULL, NULL),
(1231, 155, 15, 50, NULL, NULL),
(1232, 155, 16, 53, NULL, NULL),
(1233, 155, 17, 55, NULL, NULL),
(1234, 155, 18, 60, NULL, NULL),
(1235, 154, 18, 60, NULL, NULL),
(1236, 156, 24, 86, NULL, NULL),
(1237, 156, 25, 87, NULL, NULL),
(1238, 156, 26, 93, NULL, NULL),
(1239, 156, 27, 98, NULL, NULL),
(1240, 156, 28, 100, NULL, NULL),
(1241, 156, 29, 103, NULL, NULL),
(1242, 156, 30, 108, NULL, NULL),
(1243, 156, 31, 113, NULL, NULL),
(1244, 156, 32, 116, NULL, NULL),
(1245, 156, 33, 122, NULL, NULL),
(1246, 157, 24, 83, NULL, NULL),
(1247, 157, 25, 90, NULL, NULL),
(1248, 157, 26, 94, NULL, NULL),
(1249, 157, 27, 95, NULL, NULL),
(1250, 157, 28, 100, NULL, NULL),
(1251, 157, 29, 103, NULL, NULL),
(1252, 157, 30, 108, NULL, NULL),
(1253, 157, 31, 113, NULL, NULL),
(1254, 157, 32, 116, NULL, NULL),
(1255, 157, 33, 122, NULL, NULL),
(1256, 158, 24, 83, NULL, NULL),
(1257, 158, 25, 90, NULL, NULL),
(1258, 159, 24, 83, NULL, NULL),
(1259, 158, 26, 93, NULL, NULL),
(1260, 158, 27, 98, NULL, NULL),
(1261, 158, 28, 100, NULL, NULL),
(1262, 159, 25, 90, NULL, NULL),
(1263, 158, 29, 103, NULL, NULL),
(1264, 159, 26, 94, NULL, NULL),
(1265, 159, 27, 95, NULL, NULL),
(1266, 159, 28, 100, NULL, NULL),
(1267, 158, 30, 108, NULL, NULL),
(1268, 159, 29, 103, NULL, NULL),
(1269, 159, 30, 108, NULL, NULL),
(1270, 159, 31, 113, NULL, NULL),
(1271, 159, 32, 116, NULL, NULL),
(1272, 159, 33, 122, NULL, NULL),
(1273, 158, 31, 113, NULL, NULL),
(1274, 158, 32, 116, NULL, NULL),
(1275, 158, 33, 122, NULL, NULL),
(1276, 160, 39, 144, NULL, NULL),
(1277, 160, 40, 150, NULL, NULL),
(1278, 160, 41, 152, NULL, NULL),
(1279, 160, 42, 158, NULL, NULL),
(1280, 160, 43, 162, NULL, NULL),
(1281, 160, 44, 166, NULL, NULL),
(1282, 160, 45, 170, NULL, NULL),
(1283, 160, 46, 171, NULL, NULL),
(1284, 160, 47, 176, NULL, NULL),
(1285, 160, 48, 182, NULL, NULL),
(1286, 161, 9, 26, NULL, NULL),
(1287, 161, 10, 28, NULL, NULL),
(1288, 161, 11, 33, NULL, NULL),
(1289, 161, 12, 38, NULL, NULL),
(1290, 161, 13, 42, NULL, NULL),
(1291, 161, 15, 50, NULL, NULL),
(1292, 161, 16, 53, NULL, NULL),
(1293, 161, 17, 55, NULL, NULL),
(1294, 161, 14, 46, NULL, NULL),
(1295, 161, 18, 60, NULL, NULL),
(1296, 162, 9, 26, NULL, NULL),
(1297, 162, 10, 28, NULL, NULL),
(1298, 162, 11, 33, NULL, NULL),
(1299, 162, 12, 37, NULL, NULL),
(1300, 162, 13, 41, NULL, NULL),
(1301, 162, 14, 46, NULL, NULL),
(1302, 162, 15, 50, NULL, NULL),
(1303, 162, 16, 53, NULL, NULL),
(1304, 162, 17, 58, NULL, NULL),
(1305, 162, 18, 59, NULL, NULL),
(1306, 163, 24, 83, NULL, NULL),
(1307, 163, 25, 90, NULL, NULL),
(1308, 163, 26, 94, NULL, NULL),
(1309, 163, 27, 95, NULL, NULL),
(1310, 163, 28, 100, NULL, NULL),
(1311, 163, 29, 103, NULL, NULL),
(1312, 163, 30, 108, NULL, NULL),
(1313, 163, 31, 113, NULL, NULL),
(1314, 163, 32, 116, NULL, NULL),
(1315, 163, 33, 122, NULL, NULL),
(1316, 164, 9, 26, NULL, NULL),
(1317, 165, 39, 145, NULL, NULL),
(1318, 164, 10, 28, NULL, NULL),
(1319, 165, 40, 150, NULL, NULL),
(1320, 164, 11, 33, NULL, NULL),
(1321, 165, 41, 151, NULL, NULL),
(1322, 164, 12, 38, NULL, NULL),
(1323, 165, 42, 158, NULL, NULL),
(1324, 165, 43, 162, NULL, NULL),
(1325, 164, 13, 42, NULL, NULL),
(1326, 165, 44, 166, NULL, NULL),
(1327, 165, 45, 170, NULL, NULL),
(1328, 164, 14, 46, NULL, NULL),
(1329, 165, 46, 171, NULL, NULL),
(1330, 165, 47, 175, NULL, NULL),
(1331, 164, 15, 50, NULL, NULL),
(1332, 165, 48, 182, NULL, NULL),
(1333, 164, 16, 53, NULL, NULL),
(1334, 164, 17, 55, NULL, NULL),
(1335, 166, 49, 186, NULL, NULL),
(1336, 166, 50, 188, NULL, NULL),
(1337, 166, 51, 194, NULL, NULL),
(1338, 164, 18, 59, NULL, NULL),
(1339, 166, 52, 198, NULL, NULL),
(1340, 166, 53, 200, NULL, NULL),
(1341, 166, 54, 203, NULL, NULL),
(1342, 166, 55, 210, NULL, NULL),
(1343, 166, 56, 213, NULL, NULL),
(1344, 166, 57, 217, NULL, NULL),
(1345, 167, 24, 83, NULL, NULL),
(1346, 166, 58, 219, NULL, NULL),
(1347, 167, 25, 90, NULL, NULL),
(1348, 167, 26, 94, NULL, NULL),
(1349, 167, 27, 98, NULL, NULL),
(1350, 168, 54, 203, NULL, NULL),
(1351, 167, 28, 100, NULL, NULL),
(1352, 168, 55, 210, NULL, NULL),
(1353, 167, 29, 103, NULL, NULL),
(1354, 168, 56, 213, NULL, NULL),
(1355, 167, 30, 108, NULL, NULL),
(1356, 167, 31, 114, NULL, NULL),
(1357, 168, 57, 217, NULL, NULL),
(1358, 168, 58, 219, NULL, NULL),
(1359, 167, 32, 116, NULL, NULL),
(1360, 167, 33, 122, NULL, NULL),
(1361, 168, 59, 226, NULL, NULL),
(1362, 168, 60, 227, NULL, NULL),
(1363, 168, 61, 233, NULL, NULL),
(1364, 169, 39, 144, NULL, NULL),
(1365, 169, 40, 150, NULL, NULL),
(1366, 169, 41, 151, NULL, NULL),
(1367, 168, 62, 238, NULL, NULL),
(1368, 169, 42, 158, NULL, NULL),
(1369, 168, 63, 241, NULL, NULL),
(1370, 169, 43, 162, NULL, NULL),
(1371, 169, 44, 166, NULL, NULL),
(1372, 169, 45, 170, NULL, NULL),
(1373, 169, 46, 171, NULL, NULL),
(1374, 169, 47, 175, NULL, NULL),
(1375, 169, 48, 182, NULL, NULL),
(1376, 170, 54, 204, NULL, NULL),
(1377, 170, 55, 210, NULL, NULL),
(1378, 170, 56, 213, NULL, NULL),
(1379, 170, 57, 216, NULL, NULL),
(1380, 170, 58, 219, NULL, NULL),
(1381, 170, 59, 226, NULL, NULL),
(1382, 170, 60, 228, NULL, NULL),
(1383, 170, 61, 233, NULL, NULL),
(1384, 170, 62, 238, NULL, NULL),
(1385, 170, 63, 241, NULL, NULL),
(1386, 171, 24, 83, NULL, NULL),
(1387, 171, 25, 90, NULL, NULL),
(1388, 171, 26, 94, NULL, NULL),
(1389, 171, 27, 95, NULL, NULL),
(1390, 171, 28, 100, NULL, NULL),
(1391, 171, 29, 103, NULL, NULL),
(1392, 171, 30, 108, NULL, NULL),
(1393, 171, 31, 111, NULL, NULL),
(1394, 171, 32, 116, NULL, NULL),
(1395, 171, 33, NULL, 'null', NULL),
(1396, 172, 24, 83, NULL, NULL),
(1397, 172, 25, 90, NULL, NULL),
(1398, 172, 26, 94, NULL, NULL),
(1399, 172, 27, 95, NULL, NULL),
(1400, 172, 28, 100, NULL, NULL),
(1401, 172, 29, 103, NULL, NULL),
(1402, 172, 30, 108, NULL, NULL),
(1403, 172, 31, 111, NULL, NULL),
(1404, 172, 32, 116, NULL, NULL),
(1405, 172, 33, 122, NULL, NULL),
(1406, 173, 39, 144, NULL, NULL),
(1407, 173, 40, 150, NULL, NULL),
(1408, 173, 41, 152, NULL, NULL),
(1409, 173, 42, 158, NULL, NULL),
(1410, 173, 43, 162, NULL, NULL),
(1411, 173, 44, 166, NULL, NULL),
(1412, 174, 9, 26, NULL, NULL),
(1413, 173, 45, 170, NULL, NULL),
(1414, 174, 10, 27, NULL, NULL),
(1415, 173, 46, 174, NULL, NULL),
(1416, 173, 47, 175, NULL, NULL),
(1417, 174, 11, 34, NULL, NULL),
(1418, 177, 9, 26, NULL, NULL),
(1419, 173, 48, 182, NULL, NULL),
(1420, 174, 12, 38, NULL, NULL),
(1421, 177, 10, 28, NULL, NULL),
(1422, 174, 13, 41, NULL, NULL),
(1423, 177, 11, 33, NULL, NULL),
(1424, 174, 14, 46, NULL, NULL),
(1425, 177, 12, 36, NULL, NULL),
(1426, 174, 15, 50, NULL, NULL),
(1427, 174, 16, 53, NULL, NULL),
(1428, 174, 17, 55, NULL, NULL),
(1429, 177, 13, 42, NULL, NULL),
(1430, 177, 14, 46, NULL, NULL),
(1431, 177, 15, 50, NULL, NULL),
(1432, 178, 39, 144, NULL, NULL),
(1433, 177, 16, 53, NULL, NULL),
(1434, 178, 40, 150, NULL, NULL),
(1435, 178, 41, 152, NULL, NULL),
(1436, 177, 17, 55, NULL, NULL),
(1437, 178, 42, 158, NULL, NULL),
(1438, 178, 43, 162, NULL, NULL),
(1439, 178, 44, 166, NULL, NULL),
(1440, 178, 45, 170, NULL, NULL),
(1441, 178, 46, 174, NULL, NULL),
(1442, 177, 18, 60, NULL, NULL),
(1443, 178, 47, 175, NULL, NULL),
(1444, 174, 18, 60, NULL, NULL),
(1445, 179, 24, 86, NULL, NULL),
(1446, 178, 48, 182, NULL, NULL),
(1447, 179, 25, 90, NULL, NULL),
(1448, 179, 26, 94, NULL, NULL),
(1449, 179, 27, 95, NULL, NULL),
(1450, 179, 28, 100, NULL, NULL),
(1451, 179, 29, 103, NULL, NULL),
(1452, 179, 30, 108, NULL, NULL),
(1453, 179, 31, 113, NULL, NULL),
(1454, 179, 32, 116, NULL, NULL),
(1455, 179, 33, 122, NULL, NULL),
(1456, 180, 9, 26, NULL, NULL),
(1457, 180, 10, 28, NULL, NULL),
(1458, 180, 11, 33, NULL, NULL),
(1459, 180, 12, 38, NULL, NULL),
(1460, 181, 39, 144, NULL, NULL),
(1461, 181, 40, 150, NULL, NULL),
(1462, 181, 41, 151, NULL, NULL),
(1463, 180, 13, 42, NULL, NULL),
(1464, 181, 42, 158, NULL, NULL),
(1465, 180, 14, 46, NULL, NULL),
(1466, 181, 43, 162, NULL, NULL),
(1467, 181, 44, 166, NULL, NULL),
(1468, 180, 15, 50, NULL, NULL),
(1469, 180, 16, 53, NULL, NULL),
(1470, 181, 45, 167, NULL, NULL),
(1471, 181, 46, 171, NULL, NULL),
(1472, 180, 17, 55, NULL, NULL),
(1473, 180, 18, 60, NULL, NULL),
(1474, 181, 47, 175, NULL, NULL),
(1475, 181, 48, 182, NULL, NULL),
(1476, 182, 54, 203, NULL, NULL),
(1477, 182, 55, 210, NULL, NULL),
(1478, 182, 56, 213, NULL, NULL),
(1479, 182, 57, 216, NULL, NULL),
(1480, 182, 58, 219, NULL, NULL),
(1481, 182, 59, 226, NULL, NULL),
(1482, 182, 60, 228, NULL, NULL),
(1483, 182, 61, 233, NULL, NULL),
(1484, 182, 62, 238, NULL, NULL),
(1485, 182, 63, 241, NULL, NULL),
(1486, 183, 4, 3, NULL, NULL),
(1487, 183, 5, 9, NULL, NULL),
(1488, 183, 6, 11, NULL, NULL),
(1489, 183, 7, 16, NULL, NULL),
(1490, 183, 8, 21, NULL, NULL),
(1491, 183, 9, 26, NULL, NULL),
(1492, 183, 10, 28, NULL, NULL),
(1493, 183, 11, 33, NULL, NULL),
(1494, 183, 12, 38, NULL, NULL),
(1495, 183, 13, 41, NULL, NULL),
(1496, 184, 19, 64, NULL, NULL),
(1497, 184, 20, 70, NULL, NULL),
(1498, 184, 21, 71, NULL, NULL),
(1499, 184, 22, 77, NULL, NULL),
(1500, 184, 23, 81, NULL, NULL),
(1501, 184, 24, 86, NULL, NULL),
(1502, 184, 25, 90, NULL, NULL),
(1503, 184, 26, 93, NULL, NULL),
(1504, 184, 27, 98, NULL, NULL),
(1505, 184, 28, 100, NULL, NULL),
(1506, 185, 24, 83, NULL, NULL),
(1507, 185, 25, 90, NULL, NULL),
(1508, 185, 26, 94, NULL, NULL),
(1509, 185, 27, 95, NULL, NULL),
(1510, 185, 28, 100, NULL, NULL),
(1511, 185, 29, 103, NULL, NULL),
(1512, 185, 30, 108, NULL, NULL),
(1513, 185, 31, 113, NULL, NULL),
(1514, 185, 32, 116, NULL, NULL),
(1515, 185, 33, 122, NULL, NULL),
(1516, 186, 34, 124, NULL, NULL),
(1517, 186, 35, 129, NULL, NULL),
(1518, 186, 36, 134, NULL, NULL),
(1519, 186, 37, 138, NULL, NULL),
(1520, 186, 38, 139, NULL, NULL),
(1521, 186, 39, 145, NULL, NULL),
(1522, 186, 40, 150, NULL, NULL),
(1523, 186, 41, 151, NULL, NULL),
(1524, 186, 42, 158, NULL, NULL),
(1525, 186, 43, 162, NULL, NULL),
(1526, 187, 39, 145, NULL, NULL),
(1527, 187, 40, 150, NULL, NULL),
(1528, 187, 41, 151, NULL, NULL),
(1529, 187, 42, 158, NULL, NULL),
(1530, 187, 43, 162, NULL, NULL),
(1531, 187, 44, 166, NULL, NULL),
(1532, 187, 45, 170, NULL, NULL),
(1533, 187, 46, 172, NULL, NULL),
(1534, 187, 47, 175, NULL, NULL),
(1535, 187, 48, 182, NULL, NULL),
(1536, 188, 49, 186, NULL, NULL),
(1537, 188, 50, 188, NULL, NULL),
(1538, 188, 51, 194, NULL, NULL),
(1539, 188, 52, 198, NULL, NULL),
(1540, 188, 53, 200, NULL, NULL),
(1541, 188, 54, 203, NULL, NULL),
(1542, 188, 55, 210, NULL, NULL),
(1543, 188, 56, 213, NULL, NULL),
(1544, 188, 57, 217, NULL, NULL),
(1545, 188, 58, 219, NULL, NULL),
(1546, 189, 54, 203, NULL, NULL),
(1547, 189, 55, 210, NULL, NULL),
(1548, 190, 54, 203, NULL, NULL),
(1549, 189, 56, 213, NULL, NULL),
(1550, 190, 55, 210, NULL, NULL),
(1551, 189, 57, 217, NULL, NULL),
(1552, 189, 58, 219, NULL, NULL),
(1553, 189, 59, 226, NULL, NULL),
(1554, 190, 56, 213, NULL, NULL),
(1555, 189, 60, 227, NULL, NULL),
(1556, 189, 61, 233, NULL, NULL),
(1557, 190, 57, 217, NULL, NULL),
(1558, 189, 62, 238, NULL, NULL),
(1559, 190, 58, 219, NULL, NULL),
(1560, 189, 63, 240, NULL, NULL),
(1561, 190, 59, 226, NULL, NULL),
(1562, 190, 60, 228, NULL, NULL),
(1563, 190, 61, 233, NULL, NULL),
(1564, 190, 62, 238, NULL, NULL),
(1565, 190, 63, 241, NULL, NULL),
(1566, 191, 9, 24, NULL, NULL),
(1567, 191, 10, 30, NULL, NULL),
(1568, 191, 11, 33, NULL, NULL),
(1569, 191, 12, 38, NULL, NULL),
(1570, 191, 13, 42, NULL, NULL),
(1571, 191, 14, 46, NULL, NULL),
(1572, 191, 15, 50, NULL, NULL),
(1573, 191, 16, 53, NULL, NULL),
(1574, 191, 17, 55, NULL, NULL),
(1575, 191, 18, 59, NULL, NULL),
(1576, 192, 49, 183, NULL, NULL),
(1577, 192, 50, 188, NULL, NULL),
(1578, 192, 51, 194, NULL, NULL),
(1579, 192, 52, 198, NULL, NULL),
(1580, 192, 53, 200, NULL, NULL),
(1581, 192, 54, 203, NULL, NULL),
(1582, 192, 55, 207, NULL, NULL),
(1583, 193, 49, 183, NULL, NULL),
(1584, 192, 56, 212, NULL, NULL),
(1585, 193, 50, 188, NULL, NULL),
(1586, 192, 57, 217, NULL, NULL),
(1587, 192, 58, 219, NULL, NULL),
(1588, 193, 52, 198, NULL, NULL),
(1589, 194, 9, 26, NULL, NULL),
(1590, 193, 53, 200, NULL, NULL),
(1591, 193, 54, 203, NULL, NULL),
(1592, 193, 55, 210, NULL, NULL),
(1593, 193, 56, 213, NULL, NULL),
(1594, 193, 57, 216, NULL, NULL),
(1595, 193, 58, 219, NULL, NULL),
(1596, 194, 10, 27, NULL, NULL),
(1597, 196, 49, 183, NULL, NULL),
(1598, 194, 11, 33, NULL, NULL),
(1599, 194, 12, 38, NULL, NULL),
(1600, 194, 13, 41, NULL, NULL),
(1601, 194, 14, 46, NULL, NULL),
(1602, 194, 15, 50, NULL, NULL),
(1603, 194, 16, 53, NULL, NULL),
(1604, 198, 54, 203, NULL, NULL),
(1605, 198, 55, 207, NULL, NULL),
(1606, 197, 49, 186, NULL, NULL),
(1607, 194, 17, 55, NULL, NULL),
(1608, 198, 56, 212, NULL, NULL),
(1609, 198, 57, 217, NULL, NULL),
(1610, 198, 58, 219, NULL, NULL),
(1611, 198, 59, 226, NULL, NULL),
(1612, 198, 60, 227, NULL, NULL),
(1613, 197, 50, 188, NULL, NULL),
(1614, 199, 49, 186, NULL, NULL),
(1615, 198, 61, 233, NULL, NULL),
(1616, 197, 51, 194, NULL, NULL),
(1617, 198, 62, 238, NULL, NULL),
(1618, 198, 63, 242, NULL, NULL),
(1619, 197, 52, 198, NULL, NULL),
(1620, 199, 50, 188, NULL, NULL),
(1621, 197, 53, 200, NULL, NULL),
(1622, 201, 49, 186, NULL, NULL),
(1623, 203, 49, 183, NULL, NULL),
(1624, 196, 50, 188, NULL, NULL),
(1625, 205, 49, 186, NULL, NULL),
(1626, 196, 51, 194, NULL, NULL),
(1627, 207, 49, 186, NULL, NULL),
(1628, 201, 50, 188, NULL, NULL),
(1629, 205, 50, 188, NULL, NULL),
(1630, 204, 24, 83, NULL, NULL),
(1631, 196, 52, 198, NULL, NULL),
(1632, 197, 54, 203, NULL, NULL),
(1633, 207, 50, 188, NULL, NULL),
(1634, 205, 51, 194, NULL, NULL),
(1635, 205, 52, 198, NULL, NULL),
(1636, 203, 50, 188, NULL, NULL),
(1637, 205, 53, 200, NULL, NULL),
(1638, 201, 51, 194, NULL, NULL),
(1639, 217, 51, 194, NULL, NULL),
(1640, 204, 25, 90, NULL, NULL),
(1641, 207, 51, 194, NULL, NULL),
(1642, 217, 52, 198, NULL, NULL),
(1643, 207, 52, 198, NULL, NULL),
(1644, 197, 55, 210, NULL, NULL),
(1645, 204, 26, 94, NULL, NULL),
(1646, 217, 53, 200, NULL, NULL),
(1647, 197, 56, 213, NULL, NULL),
(1648, 199, 53, 200, NULL, NULL),
(1649, 205, 54, 204, NULL, NULL);
INSERT INTO `tbl_hasil_test_detail` (`hasil_id_detail`, `hasil_id`, `pertanyaan_id`, `jawaban_id`, `jawaban_isian`, `nilai_jawaban_isian`) VALUES
(1650, 203, 51, 194, NULL, NULL),
(1651, 201, 52, 198, NULL, NULL),
(1652, 197, 57, 216, NULL, NULL),
(1653, 207, 53, 200, NULL, NULL),
(1654, 217, 54, 203, NULL, NULL),
(1655, 205, 55, 207, NULL, NULL),
(1656, 204, 27, 95, NULL, NULL),
(1657, 195, 49, 183, NULL, NULL),
(1658, 199, 54, 203, NULL, NULL),
(1659, 196, 53, 200, NULL, NULL),
(1660, 217, 55, 209, NULL, NULL),
(1661, 201, 53, 200, NULL, NULL),
(1662, 206, 54, 203, NULL, NULL),
(1663, 195, 50, 188, NULL, NULL),
(1664, 205, 56, 212, NULL, NULL),
(1665, 195, 51, 194, NULL, NULL),
(1666, 217, 56, 211, NULL, NULL),
(1667, 199, 55, 210, NULL, NULL),
(1668, 195, 52, 198, NULL, NULL),
(1669, 217, 57, 217, NULL, NULL),
(1670, 207, 54, 203, NULL, NULL),
(1671, 217, 58, 222, NULL, NULL),
(1672, 195, 53, 200, NULL, NULL),
(1673, 201, 54, 204, NULL, NULL),
(1674, 205, 57, 216, NULL, NULL),
(1675, 207, 55, 210, NULL, NULL),
(1676, 204, 28, 100, NULL, NULL),
(1677, 199, 56, 213, NULL, NULL),
(1678, 197, 58, 219, NULL, NULL),
(1679, 196, 54, 203, NULL, NULL),
(1680, 203, 52, 198, NULL, NULL),
(1681, 207, 56, 213, NULL, NULL),
(1682, 204, 29, 103, NULL, NULL),
(1683, 205, 58, 222, NULL, NULL),
(1684, 201, 55, 210, NULL, NULL),
(1685, 196, 55, 207, NULL, NULL),
(1686, 206, 55, 210, NULL, NULL),
(1687, 203, 53, 200, NULL, NULL),
(1688, 204, 31, 113, NULL, NULL),
(1689, 207, 57, 216, NULL, NULL),
(1690, 196, 56, 213, NULL, NULL),
(1691, 201, 56, 213, NULL, NULL),
(1692, 206, 56, 213, NULL, NULL),
(1693, 199, 51, 194, NULL, NULL),
(1694, 199, 52, 198, NULL, NULL),
(1695, 204, 32, 118, NULL, NULL),
(1696, 207, 58, 219, NULL, NULL),
(1697, 204, 33, 122, NULL, NULL),
(1698, 199, 57, 216, NULL, NULL),
(1699, 195, 54, 203, NULL, NULL),
(1700, 206, 57, 217, NULL, NULL),
(1701, 203, 54, 203, NULL, NULL),
(1702, 196, 57, 216, NULL, NULL),
(1703, 199, 58, 219, NULL, NULL),
(1704, 196, 58, 219, NULL, NULL),
(1705, 203, 55, 210, NULL, NULL),
(1706, 218, 49, 183, NULL, NULL),
(1707, 195, 55, 210, NULL, NULL),
(1708, 201, 57, 216, NULL, NULL),
(1709, 218, 50, 190, NULL, NULL),
(1710, 203, 56, 213, NULL, NULL),
(1711, 195, 56, 213, NULL, NULL),
(1712, 218, 51, 192, NULL, NULL),
(1713, 206, 58, 219, NULL, NULL),
(1714, 218, 52, 196, NULL, NULL),
(1715, 206, 59, 226, NULL, NULL),
(1716, 201, 58, 221, NULL, NULL),
(1717, 206, 60, 227, NULL, NULL),
(1718, 203, 57, 216, NULL, NULL),
(1719, 206, 61, 232, NULL, NULL),
(1720, 218, 53, 202, NULL, NULL),
(1721, 195, 57, 216, NULL, NULL),
(1722, 195, 58, 221, NULL, NULL),
(1723, 206, 62, 238, NULL, NULL),
(1724, 218, 54, 204, NULL, NULL),
(1725, 206, 63, 241, NULL, NULL),
(1726, 218, 55, 210, NULL, NULL),
(1727, 218, 56, 212, NULL, NULL),
(1728, 220, 9, 26, NULL, NULL),
(1729, 220, 10, 28, NULL, NULL),
(1730, 218, 57, 215, NULL, NULL),
(1731, 226, 40, 150, NULL, NULL),
(1732, 220, 11, 33, NULL, NULL),
(1733, 220, 12, 38, NULL, NULL),
(1734, 226, 41, 151, NULL, NULL),
(1735, 218, 58, 220, NULL, NULL),
(1736, 226, 42, 158, NULL, NULL),
(1737, 225, 54, 203, NULL, NULL),
(1738, 226, 43, 162, NULL, NULL),
(1739, 225, 55, 210, NULL, NULL),
(1740, 225, 56, 213, NULL, NULL),
(1741, 220, 13, 39, NULL, NULL),
(1742, 225, 57, 216, NULL, NULL),
(1743, 226, 44, 166, NULL, NULL),
(1744, 226, 45, 170, NULL, NULL),
(1745, 203, 58, 221, NULL, NULL),
(1746, 220, 14, 46, NULL, NULL),
(1747, 225, 59, 226, NULL, NULL),
(1748, 220, 15, 50, NULL, NULL),
(1749, 220, 16, 53, NULL, NULL),
(1750, 228, 54, 203, NULL, NULL),
(1751, 225, 60, 228, NULL, NULL),
(1752, 220, 17, 55, NULL, NULL),
(1753, 226, 46, 171, NULL, NULL),
(1754, 220, 18, 61, NULL, NULL),
(1755, 225, 58, 219, NULL, NULL),
(1756, 225, 61, 234, NULL, NULL),
(1757, 226, 47, 175, NULL, NULL),
(1758, 225, 62, 238, NULL, NULL),
(1759, 226, 48, 182, NULL, NULL),
(1760, 228, 55, 210, NULL, NULL),
(1761, 228, 56, 213, NULL, NULL),
(1762, 228, 57, 216, NULL, NULL),
(1763, 225, 63, 241, NULL, NULL),
(1764, 228, 58, 219, NULL, NULL),
(1765, 229, 24, 83, NULL, NULL),
(1766, 229, 25, 90, NULL, NULL),
(1767, 228, 59, 226, NULL, NULL),
(1768, 228, 60, 228, NULL, NULL),
(1769, 228, 61, 234, NULL, NULL),
(1770, 228, 62, 238, NULL, NULL),
(1771, 228, 63, 241, NULL, NULL),
(1772, 229, 26, 94, NULL, NULL),
(1773, 231, 9, 26, NULL, NULL),
(1774, 232, 54, 204, NULL, NULL),
(1775, 231, 10, 28, NULL, NULL),
(1776, 229, 27, 95, NULL, NULL),
(1777, 229, 28, 100, NULL, NULL),
(1778, 232, 55, 210, NULL, NULL),
(1779, 229, 29, 103, NULL, NULL),
(1780, 229, 30, 108, NULL, NULL),
(1781, 231, 11, 33, NULL, NULL),
(1782, 232, 56, 213, NULL, NULL),
(1783, 229, 31, 113, NULL, NULL),
(1784, 229, 32, 116, NULL, NULL),
(1785, 232, 57, 217, NULL, NULL),
(1786, 231, 12, 38, NULL, NULL),
(1787, 229, 33, 122, NULL, NULL),
(1788, 232, 58, 219, NULL, NULL),
(1789, 231, 13, 41, NULL, NULL),
(1790, 232, 59, 226, NULL, NULL),
(1791, 232, 60, 228, NULL, NULL),
(1792, 233, 49, 186, NULL, NULL),
(1793, 236, 9, 26, NULL, NULL),
(1794, 231, 14, 46, NULL, NULL),
(1795, 232, 61, 233, NULL, NULL),
(1796, 233, 50, 188, NULL, NULL),
(1797, 233, 51, 194, NULL, NULL),
(1798, 232, 62, 238, NULL, NULL),
(1799, 237, 39, 144, NULL, NULL),
(1800, 233, 52, 198, NULL, NULL),
(1801, 231, 15, 50, NULL, NULL),
(1802, 237, 40, 150, NULL, NULL),
(1803, 232, 63, 241, NULL, NULL),
(1804, 237, 41, 152, NULL, NULL),
(1805, 231, 16, 53, NULL, NULL),
(1806, 237, 42, 158, NULL, NULL),
(1807, 236, 10, 28, NULL, NULL),
(1808, 233, 53, 200, NULL, NULL),
(1809, 237, 43, 162, NULL, NULL),
(1810, 231, 18, 60, NULL, NULL),
(1811, 237, 44, 166, NULL, NULL),
(1812, 236, 11, 33, NULL, NULL),
(1813, 237, 45, 170, NULL, NULL),
(1814, 236, 12, 38, NULL, NULL),
(1815, 233, 54, 203, NULL, NULL),
(1816, 237, 46, 171, NULL, NULL),
(1817, 237, 47, 176, NULL, NULL),
(1818, 236, 13, 42, NULL, NULL),
(1819, 233, 55, 210, NULL, NULL),
(1820, 237, 48, 182, NULL, NULL),
(1821, 239, 24, 83, NULL, NULL),
(1822, 233, 56, 213, NULL, NULL),
(1823, 236, 14, 46, NULL, NULL),
(1824, 233, 57, 216, NULL, NULL),
(1825, 236, 15, 50, NULL, NULL),
(1826, 241, 49, 183, NULL, NULL),
(1827, 233, 58, 219, NULL, NULL),
(1828, 236, 16, 53, NULL, NULL),
(1829, 236, 17, 55, NULL, NULL),
(1830, 242, 50, 188, NULL, NULL),
(1831, 241, 50, 188, NULL, NULL),
(1832, 242, 51, 194, NULL, NULL),
(1833, 241, 51, 194, NULL, NULL),
(1834, 239, 25, 90, NULL, NULL),
(1835, 241, 52, 198, NULL, NULL),
(1836, 242, 52, 198, NULL, NULL),
(1837, 236, 18, 59, NULL, NULL),
(1838, 239, 26, 94, NULL, NULL),
(1839, 242, 49, 186, NULL, NULL),
(1840, 239, 27, 98, NULL, NULL),
(1841, 239, 28, 102, NULL, NULL),
(1842, 241, 55, 210, NULL, NULL),
(1843, 238, 41, 152, NULL, NULL),
(1844, 241, 56, 213, NULL, NULL),
(1845, 242, 53, 199, NULL, NULL),
(1846, 241, 57, 217, NULL, NULL),
(1847, 239, 29, 103, NULL, NULL),
(1848, 238, 42, 158, NULL, NULL),
(1849, 241, 58, 219, NULL, NULL),
(1850, 242, 54, 203, NULL, NULL),
(1851, 239, 30, 108, NULL, NULL),
(1852, 242, 55, 210, NULL, NULL),
(1853, 239, 31, 113, NULL, NULL),
(1854, 239, 32, 118, NULL, NULL),
(1855, 239, 33, 122, NULL, NULL),
(1856, 243, 24, 83, NULL, NULL),
(1857, 238, 45, 170, NULL, NULL),
(1858, 242, 56, 213, NULL, NULL),
(1859, 238, 46, 171, NULL, NULL),
(1860, 242, 57, 216, NULL, NULL),
(1861, 238, 47, 175, NULL, NULL),
(1862, 243, 25, 90, NULL, NULL),
(1863, 242, 58, 219, NULL, NULL),
(1864, 243, 26, 94, NULL, NULL),
(1865, 238, 39, 144, NULL, NULL),
(1866, 244, 49, 183, NULL, NULL),
(1867, 238, 40, 150, NULL, NULL),
(1868, 238, 43, 162, NULL, NULL),
(1869, 243, 27, 95, NULL, NULL),
(1870, 244, 50, 188, NULL, NULL),
(1871, 238, 44, 166, NULL, NULL),
(1872, 238, 48, 182, NULL, NULL),
(1873, 244, 51, 194, NULL, NULL),
(1874, 244, 52, 198, NULL, NULL),
(1875, 243, 28, 100, NULL, NULL),
(1876, 243, 29, 103, NULL, NULL),
(1877, 243, 30, 108, NULL, NULL),
(1878, 243, 31, 113, NULL, NULL),
(1879, 244, 53, 200, NULL, NULL),
(1880, 243, 32, 116, NULL, NULL),
(1881, 244, 54, 203, NULL, NULL),
(1882, 243, 33, 122, NULL, NULL),
(1883, 244, 55, 210, NULL, NULL),
(1884, 245, 4, 3, NULL, NULL),
(1885, 245, 5, 9, NULL, NULL),
(1886, 245, 6, 11, NULL, NULL),
(1887, 244, 56, 213, NULL, NULL),
(1888, 245, 7, 18, NULL, NULL),
(1889, 247, 39, 144, NULL, NULL),
(1890, 247, 40, 150, NULL, NULL),
(1891, 245, 8, 22, NULL, NULL),
(1892, 244, 57, 216, NULL, NULL),
(1893, 248, 54, 203, NULL, NULL),
(1894, 247, 41, 151, NULL, NULL),
(1895, 248, 55, 210, NULL, NULL),
(1896, 245, 9, 26, NULL, NULL),
(1897, 248, 56, 213, NULL, NULL),
(1898, 248, 57, 216, NULL, NULL),
(1899, 245, 10, 28, NULL, NULL),
(1900, 248, 58, 219, NULL, NULL),
(1901, 247, 42, 158, NULL, NULL),
(1902, 248, 59, 226, NULL, NULL),
(1903, 248, 60, 228, NULL, NULL),
(1904, 247, 43, 162, NULL, NULL),
(1905, 248, 61, 233, NULL, NULL),
(1906, 248, 62, 238, NULL, NULL),
(1907, 247, 44, 166, NULL, NULL),
(1908, 245, 11, 33, NULL, NULL),
(1909, 248, 63, 241, NULL, NULL),
(1910, 244, 58, 220, NULL, NULL),
(1911, 247, 45, 170, NULL, NULL),
(1912, 245, 12, 38, NULL, NULL),
(1913, 247, 46, 171, NULL, NULL),
(1914, 247, 47, 175, NULL, NULL),
(1915, 247, 48, 182, NULL, NULL),
(1916, 249, 54, 203, NULL, NULL),
(1917, 249, 55, 210, NULL, NULL),
(1918, 249, 56, 213, NULL, NULL),
(1919, 249, 57, 216, NULL, NULL),
(1920, 249, 58, 219, NULL, NULL),
(1921, 249, 59, 226, NULL, NULL),
(1922, 249, 60, 227, NULL, NULL),
(1923, 249, 61, 233, NULL, NULL),
(1924, 249, 62, 238, NULL, NULL),
(1925, 249, 63, 241, NULL, NULL),
(1926, 250, 49, 186, NULL, NULL),
(1927, 250, 50, 188, NULL, NULL),
(1928, 250, 51, 194, NULL, NULL),
(1929, 250, 52, 198, NULL, NULL),
(1930, 250, 53, 200, NULL, NULL),
(1931, 250, 54, 204, NULL, NULL),
(1932, 250, 55, 210, NULL, NULL),
(1933, 250, 56, 213, NULL, NULL),
(1934, 250, 57, 217, NULL, NULL),
(1935, 250, 58, 219, NULL, NULL),
(1936, 251, 54, 204, NULL, NULL),
(1937, 251, 55, 210, NULL, NULL),
(1938, 251, 56, 213, NULL, NULL),
(1939, 251, 57, 217, NULL, NULL),
(1940, 251, 58, 219, NULL, NULL),
(1941, 251, 59, 226, NULL, NULL),
(1942, 251, 60, 228, NULL, NULL),
(1943, 251, 61, 233, NULL, NULL),
(1944, 251, 62, 238, NULL, NULL),
(1945, 251, 63, 239, NULL, NULL),
(1946, 252, 49, 183, NULL, NULL),
(1947, 252, 50, 188, NULL, NULL),
(1948, 252, 51, 194, NULL, NULL),
(1949, 252, 52, 198, NULL, NULL),
(1950, 252, 53, 200, NULL, NULL),
(1951, 252, 54, 203, NULL, NULL),
(1952, 252, 55, 208, NULL, NULL),
(1953, 252, 56, 214, NULL, NULL),
(1954, 252, 57, 216, NULL, NULL),
(1955, 252, 58, 222, NULL, NULL),
(1956, 253, 54, 203, NULL, NULL),
(1957, 253, 55, 210, NULL, NULL),
(1958, 253, 56, 213, NULL, NULL),
(1959, 253, 57, 216, NULL, NULL),
(1960, 253, 58, 219, NULL, NULL),
(1961, 253, 59, 226, NULL, NULL),
(1962, 253, 60, 228, NULL, NULL),
(1963, 253, 61, 233, NULL, NULL),
(1964, 253, 62, 238, NULL, NULL),
(1965, 253, 63, 239, NULL, NULL),
(1966, 254, 49, 186, NULL, NULL),
(1967, 254, 50, 188, NULL, NULL),
(1968, 254, 51, 194, NULL, NULL),
(1969, 254, 52, 198, NULL, NULL),
(1970, 254, 53, 200, NULL, NULL),
(1971, 254, 54, 203, NULL, NULL),
(1972, 254, 55, 210, NULL, NULL),
(1973, 254, 56, 213, NULL, NULL),
(1974, 254, 57, 217, NULL, NULL),
(1975, 254, 58, 219, NULL, NULL),
(1976, 255, 54, 203, NULL, NULL),
(1977, 255, 55, 210, NULL, NULL),
(1978, 255, 56, 213, NULL, NULL),
(1979, 255, 57, 217, NULL, NULL),
(1980, 255, 58, 219, NULL, NULL),
(1981, 255, 59, 226, NULL, NULL),
(1982, 255, 60, 228, NULL, NULL),
(1983, 255, 61, 231, NULL, NULL),
(1984, 255, 62, 238, NULL, NULL),
(1985, 255, 63, 242, NULL, NULL),
(1986, 256, 4, 3, NULL, NULL),
(1987, 256, 5, 7, NULL, NULL),
(1988, 256, 6, 11, NULL, NULL),
(1989, 256, 7, 18, NULL, NULL),
(1990, 256, 8, 22, NULL, NULL),
(1991, 256, 9, 26, NULL, NULL),
(1992, 256, 10, 28, NULL, NULL),
(1993, 256, 11, 34, NULL, NULL),
(1994, 256, 12, 36, NULL, NULL),
(1995, 256, 13, 39, NULL, NULL),
(1996, 257, 54, 203, NULL, NULL),
(1997, 257, 55, 210, NULL, NULL),
(1998, 257, 56, 213, NULL, NULL),
(1999, 257, 57, 216, NULL, NULL),
(2000, 257, 58, 221, NULL, NULL),
(2001, 257, 59, 226, NULL, NULL),
(2002, 257, 60, 228, NULL, NULL),
(2003, 257, 61, 233, NULL, NULL),
(2004, 257, 62, 238, NULL, NULL),
(2005, 257, 63, 241, NULL, NULL),
(2006, 258, 54, 203, NULL, NULL),
(2007, 258, 55, 207, NULL, NULL),
(2008, 258, 56, 213, NULL, NULL),
(2009, 258, 57, 216, NULL, NULL),
(2010, 258, 58, 219, NULL, NULL),
(2011, 258, 59, 226, NULL, NULL),
(2012, 258, 60, 228, NULL, NULL),
(2013, 258, 61, 234, NULL, NULL),
(2014, 258, 62, 238, NULL, NULL),
(2015, 258, 63, 241, NULL, NULL),
(2016, 259, 54, 203, NULL, NULL),
(2017, 259, 55, 207, NULL, NULL),
(2018, 259, 56, 213, NULL, NULL),
(2019, 259, 57, 216, NULL, NULL),
(2020, 259, 58, 219, NULL, NULL),
(2021, 259, 59, 226, NULL, NULL),
(2022, 259, 60, 228, NULL, NULL),
(2023, 259, 61, 234, NULL, NULL),
(2024, 259, 62, 238, NULL, NULL),
(2025, 259, 63, 241, NULL, NULL),
(2026, 260, 54, 203, NULL, NULL),
(2027, 260, 55, 210, NULL, NULL),
(2028, 260, 56, 213, NULL, NULL),
(2029, 260, 57, 216, NULL, NULL),
(2030, 260, 58, 219, NULL, NULL),
(2031, 260, 59, 226, NULL, NULL),
(2032, 260, 60, 228, NULL, NULL),
(2033, 260, 61, 234, NULL, NULL),
(2034, 260, 62, 238, NULL, NULL),
(2035, 260, 63, 241, NULL, NULL),
(2036, 261, 49, 186, NULL, NULL),
(2037, 261, 50, 188, NULL, NULL),
(2038, 261, 51, 194, NULL, NULL),
(2039, 261, 52, 198, NULL, NULL),
(2040, 261, 53, 199, NULL, NULL),
(2041, 261, 54, 203, NULL, NULL),
(2042, 261, 55, 210, NULL, NULL),
(2043, 261, 56, 213, NULL, NULL),
(2044, 261, 57, 216, NULL, NULL),
(2045, 261, 58, 219, NULL, NULL),
(2046, 262, 54, 203, NULL, NULL),
(2047, 262, 55, 210, NULL, NULL),
(2048, 262, 56, 213, NULL, NULL),
(2049, 262, 57, 216, NULL, NULL),
(2050, 262, 58, 219, NULL, NULL),
(2051, 262, 59, 226, NULL, NULL),
(2052, 262, 60, 227, NULL, NULL),
(2053, 262, 61, 231, NULL, NULL),
(2054, 262, 62, 238, NULL, NULL),
(2055, 262, 63, 241, NULL, NULL),
(2056, 263, 39, 145, NULL, NULL),
(2057, 263, 40, 150, NULL, NULL),
(2058, 263, 41, 151, NULL, NULL),
(2059, 263, 42, 158, NULL, NULL),
(2060, 263, 43, 162, NULL, NULL),
(2061, 263, 44, 166, NULL, NULL),
(2062, 263, 45, 170, NULL, NULL),
(2063, 263, 46, 171, NULL, NULL),
(2064, 263, 47, 175, NULL, NULL),
(2065, 263, 48, 182, NULL, NULL),
(2066, 264, 39, 145, NULL, NULL),
(2067, 264, 40, 150, NULL, NULL),
(2068, 264, 41, 151, NULL, NULL),
(2069, 264, 42, 158, NULL, NULL),
(2070, 264, 43, 162, NULL, NULL),
(2071, 264, 44, 166, NULL, NULL),
(2072, 264, 45, 170, NULL, NULL),
(2073, 264, 46, 171, NULL, NULL),
(2074, 264, 47, 175, NULL, NULL),
(2075, 264, 48, 182, NULL, NULL),
(2076, 265, 54, 203, NULL, NULL),
(2077, 265, 55, 210, NULL, NULL),
(2078, 265, 56, 213, NULL, NULL),
(2079, 265, 57, 217, NULL, NULL),
(2080, 265, 58, 219, NULL, NULL),
(2081, 265, 59, 226, NULL, NULL),
(2082, 265, 60, 228, NULL, NULL),
(2083, 265, 61, 233, NULL, NULL),
(2084, 265, 62, 238, NULL, NULL),
(2085, 265, 63, 239, NULL, NULL),
(2086, 266, 54, 203, NULL, NULL),
(2087, 266, 55, 210, NULL, NULL),
(2088, 266, 56, 213, NULL, NULL),
(2089, 266, 57, 216, NULL, NULL),
(2090, 266, 58, 219, NULL, NULL),
(2091, 266, 59, 226, NULL, NULL),
(2092, 266, 60, 228, NULL, NULL),
(2093, 266, 61, 233, NULL, NULL),
(2094, 266, 62, 238, NULL, NULL),
(2095, 266, 63, 241, NULL, NULL),
(2096, 267, 54, 204, NULL, NULL),
(2097, 267, 55, 210, NULL, NULL),
(2098, 267, 56, 214, NULL, NULL),
(2099, 267, 57, 216, NULL, NULL),
(2100, 267, 58, 219, NULL, NULL),
(2101, 267, 59, 223, NULL, NULL),
(2102, 267, 60, 228, NULL, NULL),
(2103, 267, 61, 233, NULL, NULL),
(2104, 267, 62, 236, NULL, NULL),
(2105, 267, 63, 241, NULL, NULL),
(2106, 268, 4, 3, NULL, NULL),
(2107, 268, 5, 9, NULL, NULL),
(2108, 268, 6, 11, NULL, NULL),
(2109, 268, 13, 42, NULL, NULL),
(2110, 269, 54, 203, NULL, NULL),
(2111, 269, 55, 210, NULL, NULL),
(2112, 269, 56, 213, NULL, NULL),
(2113, 269, 57, 216, NULL, NULL),
(2114, 269, 58, 219, NULL, NULL),
(2115, 269, 59, 226, NULL, NULL),
(2116, 269, 60, 228, NULL, NULL),
(2117, 269, 61, 234, NULL, NULL),
(2118, 269, 62, 238, NULL, NULL),
(2119, 269, 63, 241, NULL, NULL),
(2120, 270, 54, 203, NULL, NULL),
(2121, 270, 55, 210, NULL, NULL),
(2122, 270, 56, 213, NULL, NULL),
(2123, 270, 57, 216, NULL, NULL),
(2124, 270, 58, 220, NULL, NULL),
(2125, 270, 59, 226, NULL, NULL),
(2126, 270, 60, 228, NULL, NULL),
(2127, 270, 61, 234, NULL, NULL),
(2128, 270, 62, 238, NULL, NULL),
(2129, 270, 63, 241, NULL, NULL),
(2130, 271, 34, 124, NULL, NULL),
(2131, 271, 35, 130, NULL, NULL),
(2132, 271, 36, 134, NULL, NULL),
(2133, 271, 37, 138, NULL, NULL),
(2134, 271, 38, 142, NULL, NULL),
(2135, 271, 39, 145, NULL, NULL),
(2136, 271, 40, 150, NULL, NULL),
(2137, 271, 41, 152, NULL, NULL),
(2138, 271, 42, 158, NULL, NULL),
(2139, 271, 43, 160, NULL, NULL),
(2140, 272, 49, 186, NULL, NULL),
(2141, 272, 50, 188, NULL, NULL),
(2142, 272, 51, 194, NULL, NULL),
(2143, 272, 52, 198, NULL, NULL),
(2144, 272, 53, 200, NULL, NULL),
(2145, 272, 54, 205, NULL, NULL),
(2146, 272, 55, 210, NULL, NULL),
(2147, 272, 56, 214, NULL, NULL),
(2148, 272, 57, 216, NULL, NULL),
(2149, 272, 58, 219, NULL, NULL),
(2150, 273, 54, 205, NULL, NULL),
(2151, 273, 55, 210, NULL, NULL),
(2152, 273, 56, 211, NULL, NULL),
(2153, 273, 57, 216, NULL, NULL),
(2154, 273, 58, 221, NULL, NULL),
(2155, 273, 59, 225, NULL, NULL),
(2156, 273, 60, 230, NULL, NULL),
(2157, 273, 61, 231, NULL, NULL),
(2158, 273, 62, 236, NULL, NULL),
(2159, 273, 63, 239, NULL, NULL),
(2160, 274, 19, 64, NULL, NULL),
(2161, 274, 20, 68, NULL, NULL),
(2162, 274, 21, 71, NULL, NULL),
(2163, 274, 22, 77, NULL, NULL),
(2164, 274, 23, 81, NULL, NULL),
(2165, 274, 24, 83, NULL, NULL),
(2166, 274, 25, 90, NULL, NULL),
(2167, 274, 26, 94, NULL, NULL),
(2168, 274, 27, 95, NULL, NULL),
(2169, 274, 28, 100, NULL, NULL),
(2170, 275, 34, 124, NULL, NULL),
(2171, 275, 35, 129, NULL, NULL),
(2172, 275, 36, 134, NULL, NULL),
(2173, 275, 37, 138, NULL, NULL),
(2174, 275, 38, 139, NULL, NULL),
(2175, 275, 39, 144, NULL, NULL),
(2176, 275, 40, 150, NULL, NULL),
(2177, 275, 41, 151, NULL, NULL),
(2178, 275, 42, 158, NULL, NULL),
(2179, 275, 43, 162, NULL, NULL),
(2180, 276, 49, 186, NULL, NULL),
(2181, 276, 50, 188, NULL, NULL),
(2182, 276, 51, 194, NULL, NULL),
(2183, 276, 52, 198, NULL, NULL),
(2184, 276, 53, 200, NULL, NULL),
(2185, 276, 54, 204, NULL, NULL),
(2186, 276, 55, 210, NULL, NULL),
(2187, 276, 56, 213, NULL, NULL),
(2188, 276, 57, 216, NULL, NULL),
(2189, 276, 58, 219, NULL, NULL),
(2190, 277, 9, 26, NULL, NULL),
(2191, 277, 10, 28, NULL, NULL),
(2192, 277, 11, 33, NULL, NULL),
(2193, 277, 12, 38, NULL, NULL),
(2194, 277, 13, 41, NULL, NULL),
(2195, 277, 14, 46, NULL, NULL),
(2196, 277, 15, 50, NULL, NULL),
(2197, 277, 16, 53, NULL, NULL),
(2198, 277, 17, 55, NULL, NULL),
(2199, 277, 18, 61, NULL, NULL),
(2200, 278, 24, 83, NULL, NULL),
(2201, 278, 25, 90, NULL, NULL),
(2202, 278, 26, 94, NULL, NULL),
(2203, 278, 27, 95, NULL, NULL),
(2204, 278, 28, 100, NULL, NULL),
(2205, 278, 29, 103, NULL, NULL),
(2206, 278, 30, 108, NULL, NULL),
(2207, 278, 31, 113, NULL, NULL),
(2208, 278, 32, 116, NULL, NULL),
(2209, 278, 33, 122, NULL, NULL),
(2210, 279, 39, 144, NULL, NULL),
(2211, 279, 40, 149, NULL, NULL),
(2212, 279, 41, 151, NULL, NULL),
(2213, 279, 42, 158, NULL, NULL),
(2214, 279, 43, 162, NULL, NULL),
(2215, 279, 44, 166, NULL, NULL),
(2216, 279, 45, 167, NULL, NULL),
(2217, 279, 46, 171, NULL, NULL),
(2218, 279, 47, 175, NULL, NULL),
(2219, 279, 48, 182, NULL, NULL),
(2220, 280, 54, 204, NULL, NULL),
(2221, 280, 55, 210, NULL, NULL),
(2222, 280, 56, 213, NULL, NULL),
(2223, 280, 57, 217, NULL, NULL),
(2224, 280, 58, 219, NULL, NULL),
(2225, 280, 59, 226, NULL, NULL),
(2226, 280, 60, 228, NULL, NULL),
(2227, 280, 61, 233, NULL, NULL),
(2228, 280, 62, 238, NULL, NULL),
(2229, 280, 63, 241, NULL, NULL),
(2230, 281, 64, 245, NULL, NULL),
(2231, 281, 65, 250, NULL, NULL),
(2232, 282, 71, 281, NULL, NULL),
(2233, 282, 68, 265, NULL, NULL),
(2234, 281, 69, 270, NULL, NULL),
(2235, 281, 67, 259, NULL, NULL),
(2236, 282, 73, 288, NULL, NULL),
(2237, 281, 71, 281, NULL, NULL),
(2238, 282, 69, 270, NULL, NULL),
(2239, 281, 68, 265, NULL, NULL),
(2240, 282, 72, 286, NULL, NULL),
(2241, 281, 66, 254, NULL, NULL),
(2242, 282, 65, 250, NULL, NULL),
(2243, 281, 72, 286, NULL, NULL),
(2244, 282, 70, 275, NULL, NULL),
(2245, 281, 70, 275, NULL, NULL),
(2246, 282, 66, 254, NULL, NULL),
(2247, 281, 73, 288, NULL, NULL),
(2248, 282, 67, 258, NULL, NULL),
(2249, 282, 64, 245, NULL, NULL),
(2250, 283, 72, 286, NULL, NULL),
(2251, 283, 64, 245, NULL, NULL),
(2252, 283, 70, 275, NULL, NULL),
(2253, 283, 69, 270, NULL, NULL),
(2254, 283, 73, 288, NULL, NULL),
(2255, 283, 71, 281, NULL, NULL),
(2256, 283, 68, 265, NULL, NULL),
(2257, 283, 65, 250, NULL, NULL),
(2258, 283, 66, 254, NULL, NULL),
(2259, 283, 67, 259, NULL, NULL),
(2260, 287, 72, 286, NULL, NULL),
(2261, 287, 71, 281, NULL, NULL),
(2262, 287, 73, 288, NULL, NULL),
(2263, 287, 67, 259, NULL, NULL),
(2264, 286, 65, 250, NULL, NULL),
(2265, 287, 65, 250, NULL, NULL),
(2266, 286, 68, 265, NULL, NULL),
(2267, 287, 64, 245, NULL, NULL),
(2268, 287, 66, 254, NULL, NULL),
(2269, 287, 69, 270, NULL, NULL),
(2270, 286, 69, 270, NULL, NULL),
(2271, 286, 67, 259, NULL, NULL),
(2272, 287, 70, 275, NULL, NULL),
(2273, 287, 68, 265, NULL, NULL),
(2274, 288, 72, 286, NULL, NULL),
(2275, 290, 73, 290, NULL, NULL),
(2276, 290, 66, 254, NULL, NULL),
(2277, 290, 69, 270, NULL, NULL),
(2278, 288, 68, 267, NULL, NULL),
(2279, 289, 78, 316, NULL, NULL),
(2280, 290, 67, 259, NULL, NULL),
(2281, 288, 71, 281, NULL, NULL),
(2282, 286, 66, 255, NULL, NULL),
(2283, 291, 64, 245, NULL, NULL),
(2284, 289, 76, 305, NULL, NULL),
(2285, 290, 71, 281, NULL, NULL),
(2286, 291, 65, 250, NULL, NULL),
(2287, 288, 65, 250, NULL, NULL),
(2288, 289, 77, 309, NULL, NULL),
(2289, 288, 64, 245, NULL, NULL),
(2290, 286, 72, 286, NULL, NULL),
(2291, 291, 69, 270, NULL, NULL),
(2292, 286, 70, 275, NULL, NULL),
(2293, 290, 65, 250, NULL, NULL),
(2294, 286, 64, 245, NULL, NULL),
(2295, 288, 66, 255, NULL, NULL),
(2296, 290, 72, 286, NULL, NULL),
(2297, 289, 75, 300, NULL, NULL),
(2298, 290, 64, 245, NULL, NULL),
(2299, 290, 68, 265, NULL, NULL),
(2300, 286, 71, 281, NULL, NULL),
(2301, 290, 70, 275, NULL, NULL),
(2302, 289, 70, 275, NULL, NULL),
(2303, 285, 70, 275, NULL, NULL),
(2304, 286, 73, 288, NULL, NULL),
(2305, 288, 67, 259, NULL, NULL),
(2306, 292, 69, 270, NULL, NULL),
(2307, 289, 73, 288, NULL, NULL),
(2308, 285, 67, 259, NULL, NULL),
(2309, 288, 73, 288, NULL, NULL),
(2310, 289, 69, 270, NULL, NULL),
(2311, 288, 70, 275, NULL, NULL),
(2312, 292, 70, 275, NULL, NULL),
(2313, 288, 69, 270, NULL, NULL),
(2314, 289, 72, 286, NULL, NULL),
(2315, 292, 73, 288, NULL, NULL),
(2316, 291, 72, 284, NULL, NULL),
(2317, 285, 73, 288, NULL, NULL),
(2318, 293, 75, 300, NULL, NULL),
(2319, 289, 74, 296, NULL, NULL),
(2320, 293, 78, 316, NULL, NULL),
(2321, 291, 71, 278, NULL, NULL),
(2322, 292, 78, 316, NULL, NULL),
(2323, 291, 66, 255, NULL, NULL),
(2324, 289, 71, 281, NULL, NULL),
(2325, 293, 73, 288, NULL, NULL),
(2326, 291, 70, 275, NULL, NULL),
(2327, 291, 73, 288, NULL, NULL),
(2328, 292, 75, 300, NULL, NULL),
(2329, 291, 68, 265, NULL, NULL),
(2330, 291, 67, 262, NULL, NULL),
(2331, 293, 77, 309, NULL, NULL),
(2332, 292, 71, 281, NULL, NULL),
(2333, 285, 65, 250, NULL, NULL),
(2334, 293, 76, 305, NULL, NULL),
(2335, 292, 72, 286, NULL, NULL),
(2336, 293, 70, 275, NULL, NULL),
(2337, 285, 69, 270, NULL, NULL),
(2338, 293, 72, 286, NULL, NULL),
(2339, 293, 74, 296, NULL, NULL),
(2340, 285, 68, 267, NULL, NULL),
(2341, 285, 72, 286, NULL, NULL),
(2342, 285, 71, 278, NULL, NULL),
(2343, 292, 74, 296, NULL, NULL),
(2344, 285, 66, 255, NULL, NULL),
(2345, 285, 64, 246, NULL, NULL),
(2346, 293, 71, 281, NULL, NULL),
(2347, 293, 69, 272, NULL, NULL),
(2348, 292, 76, 305, NULL, NULL),
(2349, 294, 72, 286, NULL, NULL),
(2350, 292, 77, 309, NULL, NULL),
(2351, 294, 78, 316, NULL, NULL),
(2352, 294, 77, 309, NULL, NULL),
(2353, 294, 74, 296, NULL, NULL),
(2354, 294, 75, 300, NULL, NULL),
(2355, 294, 69, 270, NULL, NULL),
(2356, 294, 76, 305, NULL, NULL),
(2357, 294, 70, 273, NULL, NULL),
(2358, 294, 71, 281, NULL, NULL),
(2359, 294, 73, 288, NULL, NULL),
(2360, 295, 64, 245, NULL, NULL),
(2361, 295, 70, 275, NULL, NULL),
(2362, 295, 71, 281, NULL, NULL),
(2363, 295, 65, 250, NULL, NULL),
(2364, 295, 67, 259, NULL, NULL),
(2365, 295, 73, 288, NULL, NULL),
(2366, 295, 69, 270, NULL, NULL),
(2367, 295, 68, 265, NULL, NULL),
(2368, 295, 72, 286, NULL, NULL),
(2369, 295, 66, 254, NULL, NULL),
(2370, 296, 66, 254, NULL, NULL),
(2371, 296, 70, 275, NULL, NULL),
(2372, 296, 69, 270, NULL, NULL),
(2373, 296, 67, 260, NULL, NULL),
(2374, 296, 71, 281, NULL, NULL),
(2375, 296, 65, 250, NULL, NULL),
(2376, 296, 68, 265, NULL, NULL),
(2377, 296, 73, 288, NULL, NULL),
(2378, 296, 72, 286, NULL, NULL),
(2379, 296, 64, 245, NULL, NULL),
(2380, 297, 69, 270, NULL, NULL),
(2381, 297, 77, 309, NULL, NULL),
(2382, 297, 78, 316, NULL, NULL),
(2383, 297, 70, 275, NULL, NULL),
(2384, 297, 73, 288, NULL, NULL),
(2385, 297, 71, 281, NULL, NULL),
(2386, 297, 75, 300, NULL, NULL),
(2387, 297, 76, 305, NULL, NULL),
(2388, 297, 74, 296, NULL, NULL),
(2389, 297, 72, 286, NULL, NULL),
(2390, 298, 66, 255, NULL, NULL),
(2391, 298, 68, 265, NULL, NULL),
(2392, 298, 73, 288, NULL, NULL),
(2393, 298, 64, 245, NULL, NULL),
(2394, 298, 65, 250, NULL, NULL),
(2395, 298, 69, 270, NULL, NULL),
(2396, 298, 72, 286, NULL, NULL),
(2397, 298, 70, 275, NULL, NULL),
(2398, 298, 71, 281, NULL, NULL),
(2399, 298, 67, 260, NULL, NULL),
(2400, 299, 81, 330, NULL, NULL),
(2401, 299, 87, 359, NULL, NULL),
(2402, 299, 80, 326, NULL, NULL),
(2403, 299, 84, 345, NULL, NULL),
(2404, 299, 79, 320, NULL, NULL),
(2405, 299, 86, 355, NULL, NULL),
(2406, 299, 82, 335, NULL, NULL),
(2407, 299, 83, 340, NULL, NULL),
(2408, 299, 88, 365, NULL, NULL),
(2409, 299, 85, 350, NULL, NULL),
(2410, 300, 9, 26, NULL, NULL),
(2411, 300, 10, 28, NULL, NULL),
(2412, 300, 11, 33, NULL, NULL),
(2413, 300, 12, 35, NULL, NULL),
(2414, 300, 13, 41, NULL, NULL),
(2415, 300, 14, 46, NULL, NULL),
(2416, 300, 15, 50, NULL, NULL),
(2417, 300, 16, 53, NULL, NULL),
(2418, 300, 17, 55, NULL, NULL),
(2419, 300, 18, 60, NULL, NULL),
(2420, 301, 24, 83, NULL, NULL),
(2421, 301, 25, 87, NULL, NULL),
(2422, 301, 26, 91, NULL, NULL),
(2423, 301, 27, 95, NULL, NULL),
(2424, 301, 28, 100, NULL, NULL),
(2425, 301, 29, 103, NULL, NULL),
(2426, 301, 30, 108, NULL, NULL),
(2427, 301, 31, 111, NULL, NULL),
(2428, 301, 32, 116, NULL, NULL),
(2429, 301, 33, 122, NULL, NULL),
(2430, 302, 39, 144, NULL, NULL),
(2431, 302, 40, 150, NULL, NULL),
(2432, 302, 41, 152, NULL, NULL),
(2433, 302, 42, 158, NULL, NULL),
(2434, 302, 43, 162, NULL, NULL),
(2435, 302, 44, 166, NULL, NULL),
(2436, 302, 45, 167, NULL, NULL),
(2437, 302, 46, 172, NULL, NULL),
(2438, 302, 47, 176, NULL, NULL),
(2439, 302, 48, 182, NULL, NULL),
(2440, 303, 54, 203, NULL, NULL),
(2441, 303, 55, 210, NULL, NULL),
(2442, 303, 56, 213, NULL, NULL),
(2443, 303, 57, 216, NULL, NULL),
(2444, 303, 58, 219, NULL, NULL),
(2445, 303, 59, 226, NULL, NULL),
(2446, 303, 60, 228, NULL, NULL),
(2447, 303, 61, 234, NULL, NULL),
(2448, 303, 62, 238, NULL, NULL),
(2449, 303, 63, 241, NULL, NULL),
(2450, 304, 88, 365, NULL, NULL),
(2451, 304, 86, 355, NULL, NULL),
(2452, 304, 80, 326, NULL, NULL),
(2453, 304, 87, 359, NULL, NULL),
(2454, 304, 82, 335, NULL, NULL),
(2455, 304, 79, 320, NULL, NULL),
(2456, 304, 84, 345, NULL, NULL),
(2457, 304, 81, 330, NULL, NULL),
(2458, 304, 85, 350, NULL, NULL),
(2459, 305, 88, 365, NULL, NULL),
(2460, 304, 83, 340, NULL, NULL),
(2461, 305, 85, 350, NULL, NULL),
(2462, 305, 82, 335, NULL, NULL),
(2463, 305, 86, 355, NULL, NULL),
(2464, 305, 81, 330, NULL, NULL),
(2465, 305, 84, 345, NULL, NULL),
(2466, 305, 79, 320, NULL, NULL),
(2467, 305, 80, 326, NULL, NULL),
(2468, 305, 87, 359, NULL, NULL),
(2469, 305, 83, 340, NULL, NULL),
(2470, 306, 83, 340, NULL, NULL),
(2471, 306, 85, 350, NULL, NULL),
(2472, 306, 87, 359, NULL, NULL),
(2473, 306, 79, 320, NULL, NULL),
(2474, 306, 80, 326, NULL, NULL),
(2475, 307, 81, 330, NULL, NULL),
(2476, 306, 86, 355, NULL, NULL),
(2477, 306, 82, 335, NULL, NULL),
(2478, 306, 81, 330, NULL, NULL),
(2479, 306, 84, 345, NULL, NULL),
(2480, 306, 88, 365, NULL, NULL),
(2481, 307, 82, 335, NULL, NULL),
(2482, 308, 69, 270, NULL, NULL),
(2483, 308, 76, 305, NULL, NULL),
(2484, 307, 80, 326, NULL, NULL),
(2485, 307, 87, 359, NULL, NULL),
(2486, 308, 73, 288, NULL, NULL),
(2487, 308, 77, 309, NULL, NULL),
(2488, 307, 86, 355, NULL, NULL),
(2489, 307, 88, 365, NULL, NULL),
(2490, 309, 84, 345, NULL, NULL),
(2491, 308, 72, 286, NULL, NULL),
(2492, 309, 79, 320, NULL, NULL),
(2493, 308, 78, 316, NULL, NULL),
(2494, 307, 79, 320, NULL, NULL),
(2495, 308, 71, 281, NULL, NULL),
(2496, 310, 101, 430, NULL, NULL),
(2497, 307, 85, 350, NULL, NULL),
(2498, 310, 94, 394, NULL, NULL),
(2499, 308, 74, 296, NULL, NULL),
(2500, 309, 87, 359, NULL, NULL),
(2501, 310, 97, 410, NULL, NULL),
(2502, 309, 85, 350, NULL, NULL),
(2503, 310, 95, 400, NULL, NULL),
(2504, 310, 98, 414, NULL, NULL),
(2505, 308, 75, 300, NULL, NULL),
(2506, 307, 83, 340, NULL, NULL),
(2507, 310, 100, 424, NULL, NULL),
(2508, 308, 70, 275, NULL, NULL),
(2509, 310, 99, 419, NULL, NULL),
(2510, 307, 84, 345, NULL, NULL),
(2511, 310, 102, 435, NULL, NULL),
(2512, 310, 96, 405, NULL, NULL),
(2513, 310, 103, 439, NULL, NULL),
(2514, 309, 80, 326, NULL, NULL),
(2515, 309, 88, 365, NULL, NULL),
(2516, 309, 86, 355, NULL, NULL),
(2517, 309, 83, 340, NULL, NULL),
(2518, 309, 81, 330, NULL, NULL),
(2519, 309, 82, 335, NULL, NULL),
(2520, 311, 68, 265, NULL, NULL),
(2521, 311, 65, 250, NULL, NULL),
(2522, 312, 90, 374, NULL, NULL),
(2523, 312, 93, 389, NULL, NULL),
(2524, 312, 88, 365, NULL, NULL),
(2525, 311, 72, 286, NULL, NULL),
(2526, 311, 70, 275, NULL, NULL),
(2527, 311, 69, 270, NULL, NULL),
(2528, 311, 71, 281, NULL, NULL),
(2529, 312, 92, 383, NULL, NULL),
(2530, 311, 66, 255, NULL, NULL),
(2531, 312, 84, 345, NULL, NULL),
(2532, 312, 86, 355, NULL, NULL),
(2533, 311, 64, 245, NULL, NULL),
(2534, 312, 85, 350, NULL, NULL),
(2535, 311, 67, 259, NULL, NULL),
(2536, 312, 91, 380, NULL, NULL),
(2537, 311, 73, 288, NULL, NULL),
(2538, 312, 87, 359, NULL, NULL),
(2539, 312, 89, 369, NULL, NULL),
(2540, 313, 85, 350, NULL, NULL),
(2541, 313, 81, 330, NULL, NULL),
(2542, 313, 83, 340, NULL, NULL),
(2543, 313, 80, 326, NULL, NULL),
(2544, 313, 82, 335, NULL, NULL),
(2545, 313, 84, 345, NULL, NULL),
(2546, 313, 87, 359, NULL, NULL),
(2547, 313, 79, 320, NULL, NULL),
(2548, 313, 86, 355, NULL, NULL),
(2549, 314, 88, 365, NULL, NULL),
(2550, 314, 86, 355, NULL, NULL),
(2551, 314, 91, 380, NULL, NULL),
(2552, 314, 84, 345, NULL, NULL),
(2553, 314, 85, 350, NULL, NULL),
(2554, 314, 90, 374, NULL, NULL),
(2555, 315, 97, 412, NULL, NULL),
(2556, 315, 103, 439, NULL, NULL),
(2557, 315, 95, 400, NULL, NULL),
(2558, 315, 102, 435, NULL, NULL),
(2559, 314, 93, 389, NULL, NULL),
(2560, 314, 92, 383, NULL, NULL),
(2561, 315, 101, 430, NULL, NULL),
(2562, 315, 94, 394, NULL, NULL),
(2563, 315, 99, 419, NULL, NULL),
(2564, 315, 96, 405, NULL, NULL),
(2565, 315, 100, 424, NULL, NULL),
(2566, 315, 98, 414, NULL, NULL),
(2567, 314, 89, 369, NULL, NULL),
(2568, 314, 87, 359, NULL, NULL),
(2569, 316, 106, 455, NULL, NULL),
(2570, 316, 104, 445, NULL, NULL),
(2571, 316, 100, 424, NULL, NULL),
(2572, 316, 105, 450, NULL, NULL),
(2573, 316, 101, 430, NULL, NULL),
(2574, 316, 102, 435, NULL, NULL),
(2575, 316, 108, 464, NULL, NULL),
(2576, 316, 107, 460, NULL, NULL),
(2577, 316, 103, 439, NULL, NULL),
(2578, 316, 99, 419, NULL, NULL),
(2579, 317, 94, 394, NULL, NULL),
(2580, 317, 103, 439, NULL, NULL),
(2581, 317, 96, 405, NULL, NULL),
(2582, 317, 102, 435, NULL, NULL),
(2583, 317, 98, 414, NULL, NULL),
(2584, 317, 95, 400, NULL, NULL),
(2585, 317, 97, 410, NULL, NULL),
(2586, 317, 101, 430, NULL, NULL),
(2587, 317, 100, 424, NULL, NULL),
(2588, 317, 99, 419, NULL, NULL),
(2589, 318, 100, 424, NULL, NULL),
(2590, 318, 101, 430, NULL, NULL),
(2591, 318, 104, 445, NULL, NULL),
(2592, 318, 105, 450, NULL, NULL),
(2593, 318, 103, 439, NULL, NULL),
(2594, 318, 102, 435, NULL, NULL),
(2595, 318, 107, 460, NULL, NULL),
(2596, 318, 108, 464, NULL, NULL),
(2597, 318, 99, 419, NULL, NULL),
(2598, 318, 106, 455, NULL, NULL),
(2599, 319, 74, 296, NULL, NULL),
(2600, 320, 81, 330, NULL, NULL),
(2601, 319, 69, 270, NULL, NULL),
(2602, 320, 80, 326, NULL, NULL),
(2603, 319, 75, 300, NULL, NULL),
(2604, 320, 88, 365, NULL, NULL),
(2605, 319, 78, 316, NULL, NULL),
(2606, 320, 86, 355, NULL, NULL),
(2607, 319, 73, 288, NULL, NULL),
(2608, 320, 85, 350, NULL, NULL),
(2609, 319, 77, 309, NULL, NULL),
(2610, 320, 82, 335, NULL, NULL),
(2611, 319, 76, 305, NULL, NULL),
(2612, 320, 87, 359, NULL, NULL),
(2613, 319, 72, 286, NULL, NULL),
(2614, 319, 71, 281, NULL, NULL),
(2615, 319, 70, 275, NULL, NULL),
(2616, 320, 83, 340, NULL, NULL),
(2617, 320, 84, 345, NULL, NULL),
(2618, 320, 79, 320, NULL, NULL),
(2619, 321, 64, 245, NULL, NULL),
(2620, 322, 82, 335, NULL, NULL),
(2621, 323, 90, 374, NULL, NULL),
(2622, 322, 85, 350, NULL, NULL),
(2623, 323, 86, 355, NULL, NULL),
(2624, 323, 93, 389, NULL, NULL),
(2625, 323, 84, 345, NULL, NULL),
(2626, 322, 83, 340, NULL, NULL),
(2627, 323, 92, 383, NULL, NULL),
(2628, 322, 79, 320, NULL, NULL),
(2629, 322, 84, 345, NULL, NULL),
(2630, 323, 89, 369, NULL, NULL),
(2631, 323, 88, 365, NULL, NULL),
(2632, 321, 68, 265, NULL, NULL),
(2633, 322, 80, 326, NULL, NULL),
(2634, 323, 85, 350, NULL, NULL),
(2635, 322, 86, 355, NULL, NULL),
(2636, 323, 91, 380, NULL, NULL),
(2637, 323, 87, 359, NULL, NULL),
(2638, 322, 88, 365, NULL, NULL),
(2639, 321, 73, 288, NULL, NULL),
(2640, 322, 87, 359, NULL, NULL),
(2641, 324, 96, 405, NULL, NULL),
(2642, 322, 81, 330, NULL, NULL),
(2643, 324, 101, 430, NULL, NULL),
(2644, 324, 94, 394, NULL, NULL),
(2645, 324, 100, 424, NULL, NULL),
(2646, 321, 66, 254, NULL, NULL),
(2647, 324, 98, 414, NULL, NULL),
(2648, 324, 103, 439, NULL, NULL),
(2649, 324, 95, 400, NULL, NULL),
(2650, 324, 99, 419, NULL, NULL),
(2651, 324, 97, 410, NULL, NULL),
(2652, 321, 67, 259, NULL, NULL),
(2653, 324, 102, 435, NULL, NULL),
(2654, 325, 100, 424, NULL, NULL),
(2655, 325, 103, 439, NULL, NULL),
(2656, 325, 108, 464, NULL, NULL),
(2657, 325, 99, 419, NULL, NULL),
(2658, 325, 104, 445, NULL, NULL),
(2659, 325, 105, 450, NULL, NULL),
(2660, 321, 65, 250, NULL, NULL),
(2661, 325, 106, 455, NULL, NULL),
(2662, 325, 101, 430, NULL, NULL),
(2663, 325, 107, 460, NULL, NULL),
(2664, 325, 102, 435, NULL, NULL),
(2665, 321, 69, 270, NULL, NULL),
(2666, 321, 72, 286, NULL, NULL),
(2667, 326, 75, 300, NULL, NULL),
(2668, 321, 70, 275, NULL, NULL),
(2669, 326, 77, 309, NULL, NULL),
(2670, 326, 74, 296, NULL, NULL),
(2671, 326, 73, 288, NULL, NULL),
(2672, 326, 69, 270, NULL, NULL),
(2673, 326, 70, 275, NULL, NULL),
(2674, 326, 78, 316, NULL, NULL),
(2675, 326, 71, 281, NULL, NULL),
(2676, 326, 76, 305, NULL, NULL),
(2677, 326, 72, 286, NULL, NULL),
(2678, 321, 71, 281, NULL, NULL),
(2679, 327, 82, 335, NULL, NULL),
(2680, 329, 86, 355, NULL, NULL),
(2681, 329, 87, 359, NULL, NULL),
(2682, 329, 82, 335, NULL, NULL),
(2683, 328, 80, 326, NULL, NULL),
(2684, 329, 81, 330, NULL, NULL),
(2685, 329, 83, 340, NULL, NULL),
(2686, 329, 79, 321, NULL, NULL),
(2687, 329, 85, 352, NULL, NULL),
(2688, 329, 80, 323, NULL, NULL),
(2689, 329, 84, 345, NULL, NULL),
(2690, 329, 88, 367, NULL, NULL),
(2691, 327, 86, 355, NULL, NULL),
(2692, 328, 85, 350, NULL, NULL),
(2693, 330, 87, 359, NULL, NULL),
(2694, 330, 91, 380, NULL, NULL),
(2695, 330, 85, 350, NULL, NULL),
(2696, 330, 86, 355, NULL, NULL),
(2697, 328, 79, 320, NULL, NULL),
(2698, 327, 81, 330, NULL, NULL),
(2699, 330, 90, 374, NULL, NULL),
(2700, 330, 89, 369, NULL, NULL),
(2701, 330, 88, 365, NULL, NULL),
(2702, 328, 88, 365, NULL, NULL),
(2703, 330, 84, 345, NULL, NULL),
(2704, 327, 85, 350, NULL, NULL),
(2705, 330, 93, 389, NULL, NULL),
(2706, 330, 92, 383, NULL, NULL),
(2707, 327, 84, 345, NULL, NULL),
(2708, 331, 100, 424, NULL, NULL),
(2709, 331, 94, 396, NULL, NULL),
(2710, 331, 95, 400, NULL, NULL),
(2711, 331, 96, 406, NULL, NULL),
(2712, 331, 98, 413, NULL, NULL),
(2713, 331, 97, 411, NULL, NULL),
(2714, 331, 101, 432, NULL, NULL),
(2715, 331, 103, 442, NULL, NULL),
(2716, 331, 102, 434, NULL, NULL),
(2717, 331, 99, 420, NULL, NULL),
(2718, 327, 79, 320, NULL, NULL),
(2719, 327, 87, 359, NULL, NULL),
(2720, 328, 87, 359, NULL, NULL),
(2721, 328, 84, 346, NULL, NULL),
(2722, 328, 83, 341, NULL, NULL),
(2723, 328, 86, 356, NULL, NULL),
(2724, 328, 82, 334, NULL, NULL),
(2725, 327, 80, 326, NULL, NULL),
(2726, 328, 81, NULL, 'null', NULL),
(2727, 327, 88, 365, NULL, NULL),
(2728, 327, 83, 340, NULL, NULL),
(2729, 332, 99, 419, NULL, NULL),
(2730, 332, 102, 435, NULL, NULL),
(2731, 332, 103, 439, NULL, NULL),
(2732, 332, 96, 405, NULL, NULL),
(2733, 333, 86, 356, NULL, NULL),
(2734, 333, 79, 320, NULL, NULL),
(2735, 333, 82, 335, NULL, NULL),
(2736, 333, 84, 345, NULL, NULL),
(2737, 333, 80, 323, NULL, NULL),
(2738, 333, 88, 363, NULL, NULL),
(2739, 333, 85, 349, NULL, NULL),
(2740, 332, 94, 394, NULL, NULL),
(2741, 333, 83, 338, NULL, NULL),
(2742, 333, 87, 361, NULL, NULL),
(2743, 333, 81, 332, NULL, NULL),
(2744, 332, 97, 410, NULL, NULL),
(2745, 334, 90, 374, NULL, NULL),
(2746, 332, 101, 430, NULL, NULL),
(2747, 332, 98, 414, NULL, NULL),
(2748, 332, 95, 400, NULL, NULL),
(2749, 334, 91, 380, NULL, NULL),
(2750, 334, 84, 345, NULL, NULL),
(2751, 334, 89, 369, NULL, NULL),
(2752, 334, 85, 350, NULL, NULL),
(2753, 334, 88, 365, NULL, NULL),
(2754, 332, 100, 424, NULL, NULL),
(2755, 334, 92, 383, NULL, NULL),
(2756, 334, 93, 389, NULL, NULL),
(2757, 334, 86, 355, NULL, NULL),
(2758, 334, 87, 359, NULL, NULL),
(2759, 335, 99, 419, NULL, NULL),
(2760, 335, 95, 399, NULL, NULL),
(2761, 335, 103, 442, NULL, NULL),
(2762, 335, 102, 436, NULL, NULL),
(2763, 335, 101, 431, NULL, NULL),
(2764, 335, 97, 411, NULL, NULL),
(2765, 335, 98, 416, NULL, NULL),
(2766, 335, 94, 393, NULL, NULL),
(2767, 335, 100, 425, NULL, NULL),
(2768, 335, 96, 404, NULL, NULL),
(2769, 336, 104, 445, NULL, NULL),
(2770, 336, 108, 464, NULL, NULL),
(2771, 336, 106, 455, NULL, NULL),
(2772, 336, 107, 460, NULL, NULL),
(2773, 336, 103, 439, NULL, NULL),
(2774, 336, 105, 450, NULL, NULL),
(2775, 336, 102, 435, NULL, NULL),
(2776, 336, 99, 419, NULL, NULL),
(2777, 336, 101, 430, NULL, NULL),
(2778, 336, 100, 424, NULL, NULL),
(2779, 337, 73, 288, NULL, NULL),
(2780, 337, 72, 286, NULL, NULL),
(2781, 337, 70, 275, NULL, NULL),
(2782, 337, 75, 300, NULL, NULL),
(2783, 337, 74, 296, NULL, NULL),
(2784, 337, 71, 281, NULL, NULL),
(2785, 337, 69, 270, NULL, NULL),
(2786, 337, 78, 316, NULL, NULL),
(2787, 337, 76, 305, NULL, NULL),
(2788, 337, 77, 309, NULL, NULL),
(2789, 338, 86, 355, NULL, NULL),
(2790, 338, 93, 389, NULL, NULL),
(2791, 338, 85, 350, NULL, NULL),
(2792, 338, 91, 380, NULL, NULL),
(2793, 338, 87, 359, NULL, NULL),
(2794, 338, 84, 345, NULL, NULL),
(2795, 338, 90, 374, NULL, NULL),
(2796, 338, 89, 369, NULL, NULL),
(2797, 338, 88, 365, NULL, NULL),
(2798, 338, 92, 383, NULL, NULL),
(2799, 339, 99, 419, NULL, NULL),
(2800, 339, 100, 424, NULL, NULL),
(2801, 339, 101, 430, NULL, NULL),
(2802, 339, 107, 460, NULL, NULL),
(2803, 339, 106, 455, NULL, NULL),
(2804, 339, 105, 450, NULL, NULL),
(2805, 339, 104, 445, NULL, NULL),
(2806, 339, 102, 435, NULL, NULL),
(2807, 339, 103, 439, NULL, NULL),
(2808, 339, 108, 464, NULL, NULL),
(2809, 340, 90, 374, NULL, NULL),
(2810, 340, 85, 350, NULL, NULL),
(2811, 340, 93, 389, NULL, NULL),
(2812, 340, 92, 383, NULL, NULL),
(2813, 340, 89, 369, NULL, NULL),
(2814, 340, 88, 365, NULL, NULL),
(2815, 340, 84, 345, NULL, NULL),
(2816, 340, 91, 380, NULL, NULL),
(2817, 340, 87, 359, NULL, NULL),
(2818, 340, 86, 355, NULL, NULL),
(2819, 341, 96, 405, NULL, NULL),
(2820, 341, 103, 439, NULL, NULL),
(2821, 341, 94, 394, NULL, NULL),
(2822, 341, 101, 430, NULL, NULL),
(2823, 341, 99, 419, NULL, NULL),
(2824, 341, 98, 414, NULL, NULL),
(2825, 341, 97, 410, NULL, NULL),
(2826, 341, 100, 424, NULL, NULL),
(2827, 341, 102, 435, NULL, NULL),
(2828, 341, 95, 400, NULL, NULL),
(2829, 342, 107, 460, NULL, NULL),
(2830, 342, 99, 419, NULL, NULL),
(2831, 342, 103, 439, NULL, NULL),
(2832, 342, 102, 435, NULL, NULL),
(2833, 342, 104, 445, NULL, NULL),
(2834, 342, 100, 424, NULL, NULL),
(2835, 342, 108, 464, NULL, NULL),
(2836, 342, 101, 430, NULL, NULL),
(2837, 342, 106, 455, NULL, NULL),
(2838, 342, 105, 450, NULL, NULL),
(2839, 343, 64, 245, NULL, NULL),
(2840, 343, 65, 250, NULL, NULL),
(2841, 343, 68, 265, NULL, NULL),
(2842, 343, 69, 270, NULL, NULL),
(2843, 343, 73, 288, NULL, NULL),
(2844, 343, 71, 281, NULL, NULL),
(2845, 343, 70, 275, NULL, NULL),
(2846, 343, 72, 286, NULL, NULL),
(2847, 343, 66, 254, NULL, NULL),
(2848, 343, 67, 259, NULL, NULL),
(2849, 344, 76, 305, NULL, NULL),
(2850, 344, 72, 286, NULL, NULL),
(2851, 344, 69, 270, NULL, NULL),
(2852, 344, 73, 288, NULL, NULL),
(2853, 344, 71, 281, NULL, NULL),
(2854, 344, 77, 309, NULL, NULL),
(2855, 344, 70, 275, NULL, NULL),
(2856, 344, 78, 316, NULL, NULL),
(2857, 344, 74, 296, NULL, NULL),
(2858, 344, 75, 300, NULL, NULL),
(2859, 345, 79, 320, NULL, NULL),
(2860, 345, 88, 365, NULL, NULL),
(2861, 345, 82, 335, NULL, NULL),
(2862, 345, 83, 340, NULL, NULL),
(2863, 345, 86, 355, NULL, NULL),
(2864, 345, 84, 345, NULL, NULL),
(2865, 345, 85, 350, NULL, NULL),
(2866, 345, 80, 326, NULL, NULL),
(2867, 345, 87, 359, NULL, NULL),
(2868, 345, 81, 330, NULL, NULL),
(2869, 346, 90, 374, NULL, NULL),
(2870, 346, 89, 369, NULL, NULL),
(2871, 346, 93, 389, NULL, NULL),
(2872, 346, 88, 365, NULL, NULL),
(2873, 346, 87, 359, NULL, NULL),
(2874, 346, 91, 380, NULL, NULL),
(2875, 346, 84, 345, NULL, NULL),
(2876, 346, 85, 350, NULL, NULL),
(2877, 346, 92, 383, NULL, NULL),
(2878, 346, 86, 355, NULL, NULL),
(2879, 347, 100, 424, NULL, NULL),
(2880, 347, 102, 435, NULL, NULL),
(2881, 347, 96, 405, NULL, NULL),
(2882, 347, 94, 394, NULL, NULL),
(2883, 347, 95, 400, NULL, NULL),
(2884, 347, 97, 410, NULL, NULL),
(2885, 347, 99, 419, NULL, NULL),
(2886, 347, 101, 430, NULL, NULL),
(2887, 347, 103, 439, NULL, NULL),
(2888, 347, 98, 414, NULL, NULL),
(2889, 348, 105, 450, NULL, NULL),
(2890, 348, 101, 430, NULL, NULL),
(2891, 348, 104, 445, NULL, NULL),
(2892, 348, 102, 435, NULL, NULL),
(2893, 348, 108, 464, NULL, NULL),
(2894, 348, 100, 424, NULL, NULL),
(2895, 348, 99, 419, NULL, NULL),
(2896, 348, 107, 460, NULL, NULL),
(2897, 348, 103, 439, NULL, NULL),
(2898, 348, 106, 455, NULL, NULL),
(2899, 349, 77, 309, NULL, NULL),
(2900, 349, 69, 270, NULL, NULL),
(2901, 349, 71, 281, NULL, NULL),
(2902, 349, 73, 288, NULL, NULL),
(2903, 349, 70, 275, NULL, NULL),
(2904, 349, 76, 305, NULL, NULL),
(2905, 350, 90, 374, NULL, NULL),
(2906, 350, 84, 345, NULL, NULL),
(2907, 350, 89, 369, NULL, NULL),
(2908, 350, 91, 380, NULL, NULL),
(2909, 350, 85, 350, NULL, NULL),
(2910, 350, 92, 383, NULL, NULL),
(2911, 350, 87, 359, NULL, NULL),
(2912, 350, 93, 389, NULL, NULL),
(2913, 350, 86, 355, NULL, NULL),
(2914, 350, 88, 365, NULL, NULL),
(2915, 351, 75, 300, NULL, NULL),
(2916, 351, 70, 275, NULL, NULL),
(2917, 351, 77, 309, NULL, NULL),
(2918, 351, 76, 305, NULL, NULL),
(2919, 351, 73, 288, NULL, NULL),
(2920, 351, 78, 316, NULL, NULL),
(2921, 351, 71, 281, NULL, NULL),
(2922, 351, 72, 286, NULL, NULL),
(2923, 351, 69, 270, NULL, NULL),
(2924, 351, 74, 296, NULL, NULL),
(2925, 352, 105, 450, NULL, NULL),
(2926, 352, 101, 430, NULL, NULL),
(2927, 352, 103, 439, NULL, NULL),
(2928, 352, 104, 445, NULL, NULL),
(2929, 352, 100, 424, NULL, NULL),
(2930, 352, 102, 435, NULL, NULL),
(2931, 352, 108, 464, NULL, NULL),
(2932, 352, 107, 460, NULL, NULL),
(2933, 352, 106, 455, NULL, NULL),
(2934, 352, 99, 419, NULL, NULL);

-- --------------------------------------------------------

--
-- Table structure for table `tbl_order`
--

CREATE TABLE `tbl_order` (
  `or_id` int(11) NOT NULL,
  `p_id` int(11) NOT NULL,
  `user_id` int(11) NOT NULL,
  `or_status` int(11) NOT NULL DEFAULT 0,
  `or_created_date` timestamp NOT NULL DEFAULT current_timestamp(),
  `or_modified_date` timestamp NULL DEFAULT NULL
) ENGINE=InnoDB DEFAULT CHARSET=latin1 COLLATE=latin1_swedish_ci ROW_FORMAT=DYNAMIC;

-- --------------------------------------------------------

--
-- Table structure for table `tbl_pertanyaan`
--

CREATE TABLE `tbl_pertanyaan` (
  `pertanyaan_id` int(11) NOT NULL,
  `course_id` int(11) NOT NULL,
  `kategori` varchar(200) DEFAULT NULL,
  `teks_pertanyaan` text NOT NULL,
  `tipe_pertanyaan` enum('pilihan_ganda','isian') NOT NULL,
  `maks_nilai` int(11) NOT NULL DEFAULT 0
) ENGINE=InnoDB DEFAULT CHARSET=latin1 COLLATE=latin1_swedish_ci ROW_FORMAT=DYNAMIC;

--
-- Dumping data for table `tbl_pertanyaan`
--

INSERT INTO `tbl_pertanyaan` (`pertanyaan_id`, `course_id`, `kategori`, `teks_pertanyaan`, `tipe_pertanyaan`, `maks_nilai`) VALUES
(1, 1, 'Pretest', 'Pengolahan otomatis oleh mesin mempelajari pola berdasarkan data, disebut', 'pilihan_ganda', 0),
(2, 1, 'Pretest', 'Pengolahan otomatis oleh mesin mempelajari pola berdasarkan data, disebut', 'pilihan_ganda', 0),
(3, 1, 'Pretest', 'Pengolahan otomatis oleh mesin mempelajari pola berdasarkan data, disebut', 'pilihan_ganda', 0),
(4, 8, 'Modul 1', 'Pentingnya pengumpulan data', 'pilihan_ganda', 10),
(5, 8, 'Modul 1', 'Pengumpulan data dalam bisnis apa saja yang dikumpulkan', 'pilihan_ganda', 10),
(6, 8, 'Modul 1', 'Survei dan wawancara termasuk jenis data apa', 'pilihan_ganda', 10),
(7, 8, 'Modul 1', 'Tujuan pengumpulan data dalam bidang bisnis', 'pilihan_ganda', 10),
(8, 8, 'Modul 1', 'Pada bagian perencanaan data, mana yang termasuk pada bagian tersebut?', 'pilihan_ganda', 10),
(9, 8, 'Modul 1', 'Pemilihan metode yang tidak sesuai dapat berpengaruh terhadap, kecuali?', 'pilihan_ganda', 10),
(10, 8, 'Modul 1', 'Berikut ini jenis pengumpulan data kualitatif , kecuali?', 'pilihan_ganda', 10),
(11, 8, 'Modul 1', 'Kerangka PICOS terdiri dari apa saja, kecuali?', 'pilihan_ganda', 10),
(12, 8, 'Modul 1', 'Berikut contoh yang kurang tepat penggunaan PICOS', 'pilihan_ganda', 10),
(13, 8, 'Modul 1', 'Manfaat penyaringan data', 'pilihan_ganda', 10),
(14, 8, 'Modul 1', 'Mengidentifikasi dan menghapus data disebut?', 'pilihan_ganda', 10),
(15, 8, 'Modul 1', 'Definisi dari penyaringan kategori tertentu (Categorical Filtering)', 'pilihan_ganda', 10),
(16, 8, 'Modul 1', 'Menyaring data berdasarkan rentang waktu tertentu untuk melihat tren spesifik Pattern Filtering', 'pilihan_ganda', 10),
(17, 8, 'Modul 1', 'Yang tidak termasuk jenis metode triangulasi', 'pilihan_ganda', 10),
(18, 8, 'Modul 1', 'Dalam membuat penelitan perlu memperhatikan apa saja?', 'pilihan_ganda', 10),
(19, 8, 'Modul 2', 'Pengumpulan data dengan cara mengukur data dan menghitung statistik disebut?', 'pilihan_ganda', 10),
(20, 8, 'Modul 2', 'Mana yang tidak termasuk tujuan pengumpulan data', 'pilihan_ganda', 10),
(21, 8, 'Modul 2', 'Wawancara yang menggunkaan pertanyaan telah disiapkan disebut', 'pilihan_ganda', 10),
(22, 8, 'Modul 2', 'Berikut ini yang merupakan pemilihan pengorganisasi sesi grup disebut', 'pilihan_ganda', 10),
(23, 8, 'Modul 2', 'Dalam kontek sosial, observasi yang melibatkan peneliti disebut', 'pilihan_ganda', 10),
(24, 8, 'Modul 2', 'Salah satu instrumen penting dalam kuisioner adalah', 'pilihan_ganda', 10),
(25, 8, 'Modul 2', 'Manakah yang merupakan metode pengumpulan data kualitatif?', 'pilihan_ganda', 10),
(26, 8, 'Modul 2', 'Manakah yang merupakan metode pengumpulan data kuantitatif?', 'pilihan_ganda', 10),
(27, 8, 'Modul 2', 'Jika ingin mengukur atau menguji hipotesis dilakukan metode apa', 'pilihan_ganda', 10),
(28, 8, 'Modul 2', 'Fokus pada pemahaman subjektif dimasukan dalam jenis penelitian apa?', 'pilihan_ganda', 10),
(29, 8, 'Modul 2', 'Berikut yang termasuk tahapan awal dalam pengumpulan data', 'pilihan_ganda', 10),
(30, 8, 'Modul 2', 'Bagian dalam pengumpulan data yang berisikan rangkuman hasil analisis data disebut', 'pilihan_ganda', 10),
(31, 8, 'Modul 2', 'Contoh pengembangan produk lebih tepat menggunakan pendekatan apa', 'pilihan_ganda', 10),
(32, 8, 'Modul 2', 'Contoh penjualan dan tren pasar lebih tepat menggunakan pendekatan apa', 'pilihan_ganda', 10),
(33, 8, 'Modul 2', 'Apa sajakah variabel yang diukur dalam contoh penelitian survei kepuasan pelangganTingkat kepuasan', 'pilihan_ganda', 10),
(34, 8, 'Modul 3', 'Yang bukan termasuk pengertian literature review', 'pilihan_ganda', 10),
(35, 8, 'Modul 3', 'Termasuk jenis-jenis literature review', 'pilihan_ganda', 10),
(36, 8, 'Modul 3', 'Apa saja manfaat literature review', 'pilihan_ganda', 10),
(37, 8, 'Modul 3', 'Apa saja yang harus disiapkan dalam penulisan literature review', 'pilihan_ganda', 10),
(38, 8, 'Modul 3', 'Untuk menghindari tsunami literartur diperlukan pemilihan jurnal terindeks, kecuali?', 'pilihan_ganda', 10),
(39, 8, 'Modul 3', 'Hasil literature review berupa rangkuman, analisis,  dan sintesis disebut', 'pilihan_ganda', 10),
(40, 8, 'Modul 3', 'Pada bagian pendahuluan berisi tentang', 'pilihan_ganda', 10),
(41, 8, 'Modul 3', 'Kesenjangan Penelitian masuk dalam bagian apa', 'pilihan_ganda', 10),
(42, 8, 'Modul 3', 'Teknik penulisan yang efektif', 'pilihan_ganda', 10),
(43, 8, 'Modul 3', 'Apa saja yang diperhatikan dalam penyajian dan visualisasi data, kecuali', 'pilihan_ganda', 10),
(44, 8, 'Modul 3', 'Pada tahapan penilaian hasil, terdapat metrik evaluasi yang berisi', 'pilihan_ganda', 10),
(45, 8, 'Modul 3', 'Jenis2 daftar pustaka yang sering digunakan', 'pilihan_ganda', 10),
(46, 8, 'Modul 3', 'Gap penelitian adalah', 'pilihan_ganda', 10),
(47, 8, 'Modul 3', 'Peer Review diperlukan untuk', 'pilihan_ganda', 10),
(48, 8, 'Modul 3', 'Apa yang dilakukan setelah peer review', 'pilihan_ganda', 10),
(49, 8, 'Modul 4', 'Mengapa SWOT diperlukan', 'pilihan_ganda', 10),
(50, 8, 'Modul 4', 'Faktor internal yang dapat menghambat organisasi karena keterbatasan adalah', 'pilihan_ganda', 10),
(51, 8, 'Modul 4', 'Aplikasi yang diterapkan SWOT antara lain', 'pilihan_ganda', 10),
(52, 8, 'Modul 4', 'Teknik yang diterapkan dalam pengumpulan data', 'pilihan_ganda', 10),
(53, 8, 'Modul 4', 'Teknik yang mengandalkan individu sebagai kunci dalam memberikan informasi secara detail disebut', 'pilihan_ganda', 10),
(54, 8, 'Modul 4', 'Tahapan dalam pembuatan SWOT aoa saja', 'pilihan_ganda', 10),
(55, 8, 'Modul 4', 'Tabel EFAS terdiri dari', 'pilihan_ganda', 10),
(56, 8, 'Modul 4', 'Yang tidak perlu dimasukan dalam tabel IFAS dan EFAS', 'pilihan_ganda', 10),
(57, 8, 'Modul 4', 'Dalam Diagram Kartesisus, terdiri dari IV kuadran, kecuali', 'pilihan_ganda', 10),
(58, 8, 'Modul 4', 'Mendapatkan nilai diagram kartisisus rumusnya', 'pilihan_ganda', 10),
(59, 8, 'Modul 4', 'Bagaimana mengatasi pengembangan kekuatan', 'pilihan_ganda', 10),
(60, 8, 'Modul 4', 'Pelatihan karwayan salah satu cara aopa', 'pilihan_ganda', 10),
(61, 8, 'Modul 4', 'Penciptaan Kemitraan Strategis termasuk apa', 'pilihan_ganda', 10),
(62, 8, 'Modul 4', 'Subjektivitas analis', 'pilihan_ganda', 10),
(63, 8, 'Modul 4', 'Perubahan lingkungan bisnis, kecuali', 'pilihan_ganda', 10),
(64, 10, 'Modul 1', 'Komunikasi disebut sebagai proses dua arah karena', 'pilihan_ganda', 10),
(65, 10, 'Modul 1', 'Manakah pernyataan yang paling tepat mengenai komunikasi efektif?', 'pilihan_ganda', 10),
(66, 10, 'Modul 1', 'Komponen penting yang harus diperhatikan dalam komunikasi non-verbal adalah', 'pilihan_ganda', 10),
(67, 10, 'Modul 1', 'Berdasarkan materi, berikut bukan salah satu dari empat gaya komunikasi (D, I, S, A) yang dibahas adalah', 'pilihan_ganda', 10),
(68, 10, 'Modul 1', 'Gaya komunikasi Supportive (S) biasanya ditunjukkan dengan perilaku', 'pilihan_ganda', 10),
(69, 10, 'Modul 1', 'Ketika berhadapan dengan seseorang bergaya Analytical (A), strategi komunikasi yang tepat adalah', 'pilihan_ganda', 10),
(70, 10, 'Modul 1', 'Apa yang dimaksud dengan Active Listening?', 'pilihan_ganda', 10),
(71, 10, 'Modul 1', 'Di antara pilihan berikut, manakah yang merupakan salah satu teknik untuk meningkatkan kemampuan mendengar aktif?', 'pilihan_ganda', 10),
(72, 10, 'Modul 1', 'Mengapa mengajukan pertanyaan klarifikasi kepada pembicara menjadi penting dalam proses Active Listening?', 'pilihan_ganda', 10),
(73, 10, 'Modul 1', 'Jika Anda berhadapan dengan orang yang bergaya Initiating (I), pendekatan komunikasi yang paling sesuai adalah', 'pilihan_ganda', 10),
(74, 10, 'Modul 1', 'Dalam situasi rapat resmi yang menuntut ketepatan data dan argumentasi logis, gaya komunikasi yang biasanya lebih efektif adalah', 'pilihan_ganda', 10),
(75, 10, 'Modul 1', 'Mengapa kesadaran diri (self-awareness) tentang gaya komunikasi Anda penting dalam interaksi profesional?', 'pilihan_ganda', 10),
(76, 10, 'Modul 1', 'Apa tujuan utama dari sebuah Communication Plan di lingkungan organisasi?', 'pilihan_ganda', 10),
(77, 10, 'Modul 1', 'Langkah penting pertama dalam menyusun sebuah Communication Plan biasanya adalah', 'pilihan_ganda', 10),
(78, 10, 'Modul 1', 'Mengapa pemilihan target audiens dan pesan yang jelas menjadi krusial dalam pengembangan Communication Plan?', 'pilihan_ganda', 10),
(79, 10, 'Modul 2', 'Apa keuntungan utama yang dapat diperoleh dari kegiatan networking?', 'pilihan_ganda', 10),
(80, 10, 'Modul 2', 'Menurut materi, apa hal yang paling ditekankan ketika memulai interaksi di acara networking?', 'pilihan_ganda', 10),
(81, 10, 'Modul 2', 'Saat menghadiri suatu acara networking, hal yang sebaiknya dihindari adalah', 'pilihan_ganda', 10),
(82, 10, 'Modul 2', 'Dalam mempersiapkan diri sebelum menghadiri acara networking, peserta disarankan membuat Elevator Pitch. Apa tujuan utamanya?', 'pilihan_ganda', 10),
(83, 10, 'Modul 2', 'Ketika membuat tujuan (objectives) untuk suatu event networking, apa yang sebaiknya dipikirkan?', 'pilihan_ganda', 10),
(84, 10, 'Modul 2', 'Apa yang dimaksud dengan value saat mempersiapkan networking event?', 'pilihan_ganda', 10),
(85, 10, 'Modul 2', 'Salah satu langkah efektif saat berkenalan dengan orang baru di acara networking adalah', 'pilihan_ganda', 10),
(86, 10, 'Modul 2', 'Mengapa penting untuk membantu orang lain membangun network selama acara?', 'pilihan_ganda', 10),
(87, 10, 'Modul 2', 'Bagaimana cara menentukan apakah kita bisa berguna (useful) bagi orang lain selama networking event?', 'pilihan_ganda', 10),
(88, 10, 'Modul 2', 'Setelah acara networking selesai, mengapa menjaga hubungan dengan kontak baru sangat penting?', 'pilihan_ganda', 10),
(89, 10, 'Modul 2', 'Dalam proses nurture new contacts, apa yang sebaiknya dilakukan?', 'pilihan_ganda', 10),
(90, 10, 'Modul 2', 'Mengapa media sosial disarankan untuk tetap terhubung setelah acara networking?', 'pilihan_ganda', 10),
(91, 10, 'Modul 2', 'Apa salah satu ukuran keberhasilan (measure of success) dalam networking event?', 'pilihan_ganda', 10),
(92, 10, 'Modul 2', 'Jika tujuan kita adalah menambah relasi di industri tertentu, maka setelah acara networking sebaiknya', 'pilihan_ganda', 10),
(93, 10, 'Modul 2', 'Dalam memeriksa apakah target kita tercapai di acara networking, pertanyaan paling relevan adalah', 'pilihan_ganda', 10),
(94, 10, 'Modul 3', 'Apa yang dimaksud dengan \'kolaborasi\' menurut modul Team Collaboration?', 'pilihan_ganda', 10),
(95, 10, 'Modul 3', 'Salah satu manfaat utama kolaborasi dalam tim adalah', 'pilihan_ganda', 10),
(96, 10, 'Modul 3', 'Mengapa penting untuk \'mengetahui kekuatan (strength)\' setiap anggota tim?', 'pilihan_ganda', 10),
(97, 10, 'Modul 3', 'Hal mendasar yang perlu diperhatikan dalam kolaborasi adalah', 'pilihan_ganda', 10),
(98, 10, 'Modul 3', 'Menurut materi, apa pentingnya \'menghindari asumsi\' ketika bekerja dalam tim?', 'pilihan_ganda', 10),
(99, 10, 'Modul 3', 'Mengapa \'fokus pada potensi\' setiap anggota tim menjadi krusial dalam kolaborasi?', 'pilihan_ganda', 10),
(100, 10, 'Modul 3', 'Apa unsur terpenting dalam pemilihan anggota tim yang sukses?', 'pilihan_ganda', 10),
(101, 10, 'Modul 3', 'Salah satu metode kolaborasi yang efektif adalah \'membuat tujuan (goals) proyek\'. Apa manfaatnya?', 'pilihan_ganda', 10),
(102, 10, 'Modul 3', 'Mengapa \'defining roles\' menjadi penting dalam tim kolaboratif?', 'pilihan_ganda', 10),
(103, 10, 'Modul 3', 'Dalam modul dibahas \'creative conflict\'. Apa maksudnya?', 'pilihan_ganda', 10),
(104, 10, 'Modul 3', 'Mengapa \'membangun kepercayaan (trust)\' menjadi elemen penting?', 'pilihan_ganda', 10),
(105, 10, 'Modul 3', 'Apa pentingnya menetapkan \'timeline\' atau jadwal dalam kolaborasi?', 'pilihan_ganda', 10),
(106, 10, 'Modul 3', 'Bagaimana cara terbaik mengelola diskusi dalam tim kolaboratif?', 'pilihan_ganda', 10),
(107, 10, 'Modul 3', 'Menurut modul, salah satu kunci sukses kolaborasi adalah', 'pilihan_ganda', 10),
(108, 10, 'Modul 3', 'Apa peran \'soft skills\' tambahan dalam kolaborasi tim?', 'pilihan_ganda', 10);

-- --------------------------------------------------------

--
-- Table structure for table `tbl_phases`
--

CREATE TABLE `tbl_phases` (
  `phase_id` bigint(20) UNSIGNED NOT NULL,
  `project_id` bigint(20) UNSIGNED NOT NULL,
  `phase_name` varchar(255) NOT NULL,
  `phase_desc` text DEFAULT NULL,
  `status` varchar(255) DEFAULT NULL,
  `start_date` date NOT NULL,
  `end_date` date NOT NULL,
  `created_at` timestamp NULL DEFAULT NULL,
  `updated_at` timestamp NULL DEFAULT NULL
) ENGINE=InnoDB DEFAULT CHARSET=utf8mb4 COLLATE=utf8mb4_unicode_ci ROW_FORMAT=DYNAMIC;

--
-- Dumping data for table `tbl_phases`
--

INSERT INTO `tbl_phases` (`phase_id`, `project_id`, `phase_name`, `phase_desc`, `status`, `start_date`, `end_date`, `created_at`, `updated_at`) VALUES
(1, 1, 'Phase prep', 'init github repo and init regular meeting', 'complete', '2025-02-04', '2025-02-06', '2025-02-09 10:39:18', '2025-03-01 14:00:14'),
(3, 3, 'fase a', 'baal1', NULL, '2025-02-09', '2025-02-15', '2025-02-09 11:45:13', '2025-02-09 13:11:37'),
(6, 6, 'fase prep', 'balala', 'in_progress', '2025-02-09', '2025-02-15', '2025-02-09 11:51:33', '2025-02-18 17:56:19'),
(7, 6, 'fase development', 'blalala', 'created', '2025-02-10', '2025-02-16', '2025-02-09 12:20:05', '2025-02-18 17:56:19'),
(8, 6, 'fase testing', 'balalala', 'created', '2025-02-24', '2025-02-28', '2025-02-13 15:14:26', '2025-02-18 17:56:19'),
(9, 7, 'phase 1', 'versi 1', 'created', '2025-02-16', '2025-02-17', '2025-02-16 12:29:33', '2025-02-18 17:56:42'),
(10, 8, 'persiapan material', 'melakukan list dan pembelian material yg dibutuhkan', 'created', '2025-02-23', '2025-02-24', '2025-02-16 12:34:49', '2025-03-08 07:23:32'),
(11, 9, 'preparation repo', 'init repo, add collaborator, init template', 'created', '2025-02-19', '2025-02-21', '2025-02-18 17:55:19', '2025-02-18 17:55:55'),
(12, 10, 'fase nunggu', 'menunggu antrian app kai access', 'created', '2025-02-19', '2025-02-20', '2025-02-18 18:06:11', '2025-03-08 07:24:59'),
(13, 11, 'preparation', 'prep phase', 'created', '2025-03-08', '2025-03-08', '2025-03-08 07:19:49', '2025-03-08 07:20:26'),
(14, 12, 'Feasibility Study pada ide', 'sesuai dgn modul 1-4 (sudah dijelaskan pada pertemuan)', 'created', '2025-03-14', '2025-03-18', '2025-03-23 05:49:41', '2025-03-23 05:49:41');

-- --------------------------------------------------------

--
-- Table structure for table `tbl_pilihan_jawaban`
--

CREATE TABLE `tbl_pilihan_jawaban` (
  `pilihan_id` int(11) NOT NULL,
  `pertanyaan_id` int(11) DEFAULT NULL,
  `teks_pilihan` text NOT NULL,
  `is_jawaban_benar` tinyint(1) NOT NULL,
  `maks_nilai` int(11) NOT NULL
) ENGINE=InnoDB DEFAULT CHARSET=latin1 COLLATE=latin1_swedish_ci ROW_FORMAT=DYNAMIC;

--
-- Dumping data for table `tbl_pilihan_jawaban`
--

INSERT INTO `tbl_pilihan_jawaban` (`pilihan_id`, `pertanyaan_id`, `teks_pilihan`, `is_jawaban_benar`, `maks_nilai`) VALUES
(1, 1, 'Machine Learning', 1, 10),
(2, 1, 'Text Mining', 0, 0),
(3, 4, 'Dasar pengambilan keputusan strategis', 1, 10),
(4, 4, 'Membuat planning menjadi lebih mudah', 0, 0),
(5, 4, 'Agar lebih berhati-hati', 0, 0),
(6, 4, 'Mempermudah penyusunan anggaran', 0, 0),
(7, 5, 'Reabilitas studi penelitian terbaru terkait bisnis', 0, 0),
(8, 5, 'untung dan rugi dalam setiap bisnis', 0, 0),
(9, 5, 'Mengidentifikasi perilaku, konsumen, pasar', 1, 10),
(10, 5, 'jenis-jenis kesukaan pasar', 0, 0),
(11, 6, 'Primer', 1, 10),
(12, 6, 'Sekunder', 0, 0),
(13, 6, 'Kualitatif', 0, 0),
(14, 6, 'Kuantitatif', 0, 0),
(15, 7, 'Melihat fenomena', 0, 0),
(16, 7, 'Menguji hipotesis', 0, 0),
(17, 7, 'Melihat hal strategis', 0, 0),
(18, 7, 'Pengambilan keputusan dan analisis pasar', 1, 10),
(19, 8, 'Menetapkan keterbatasan penelitian', 0, 0),
(20, 8, 'Menjelaskan masalah yang dipilih', 0, 0),
(21, 8, 'Menentukan tujuan', 1, 10),
(22, 8, 'Membuat list pertanyaan', 0, 0),
(23, 9, 'Kualitas hasil penelitian', 0, 0),
(24, 9, 'Akurasi data yang diperoleh', 0, 0),
(25, 9, 'Efektivitas pengumpulan', 0, 0),
(26, 9, 'Waktu pengumpulan', 1, 10),
(27, 10, 'Survei', 0, 0),
(28, 10, 'Statistik', 1, 10),
(29, 10, 'Wawancara', 0, 0),
(30, 10, 'Kuisioner', 0, 0),
(31, 11, 'Population', 0, 0),
(32, 11, 'Intervention', 0, 0),
(33, 11, 'Comparative', 1, 10),
(34, 11, 'Comparison', 0, 0),
(35, 12, 'Apakah strategi digital marketing lebih efektif dibandingkan iklan konvesional dalam meningkatkan penjualan perusaan ritel?', 1, 10),
(36, 12, 'Apakah pengaruh kebijakan work from home menimbulkan produktivitas menurun bagi karyawan perusahaan?', 0, 0),
(37, 12, 'Apakah program loyalitas pelanggan dapat berpengaruh terhadap pelanggan e-commerce?', 0, 0),
(38, 12, 'Seberapa besar tingkatan faktor ESG (Enviroment, Social, Government) terhadap kondisi pasar saham?', 0, 0),
(39, 13, 'Memberikan insight dalam tahapan berikutnya yaitu pengolahan data', 0, 0),
(40, 13, 'Memahami pola dari data', 0, 0),
(41, 13, 'Memastiikan hanya informasi relevan dan berkualitas', 1, 10),
(42, 13, 'menetukan teknik dan alat yang digunakan', 0, 0),
(43, 14, 'Correlation Filtering', 0, 0),
(44, 14, 'Sampling-Based Filtering', 0, 0),
(45, 14, 'Pattern Filtering', 0, 0),
(46, 14, 'Outlier Detection & Removal', 1, 10),
(47, 15, 'Aturan tertentu untuk memilih data dengan syarat tertentu', 0, 0),
(48, 15, 'menetapkan nilai minimum dan maksimum', 0, 0),
(49, 15, 'Menandai data duplikat tidak mempengaruhi hasil', 0, 0),
(50, 15, 'Memilih data berdasarkan kategori ternteu', 1, 10),
(51, 16, 'Content-Based Filtering', 0, 0),
(52, 16, 'Sampling-Based Filtering', 0, 0),
(53, 16, 'Time-Based Filtering', 1, 10),
(54, 16, 'Outlier Detection & Removal', 0, 0),
(55, 17, 'Pola Kasus', 1, 10),
(56, 17, 'Teori', 0, 0),
(57, 17, 'Peneliti', 0, 0),
(58, 17, 'Waktu', 0, 0),
(59, 18, 'Data Bias', 0, 0),
(60, 18, 'Privasi Responden', 1, 10),
(61, 18, 'Keterbatasan Penelitian', 0, 0),
(62, 18, 'Waktu Penelitian', 0, 0),
(63, 19, 'Kualitatif', 0, 0),
(64, 19, 'Kuantitatif', 1, 10),
(65, 19, 'Primer', 0, 0),
(66, 19, 'Sekunder', 0, 0),
(67, 20, 'Mengidentifikasi kebutuhan dan harapan', 0, 0),
(68, 20, 'Memahami dinamika lingkungan', 0, 0),
(69, 20, 'Evaluasi kinerja', 0, 0),
(70, 20, 'Evaluasi efektivitas strategi', 1, 10),
(71, 21, 'Terstruktur', 1, 10),
(72, 21, 'Tidak Terstruktur', 0, 0),
(73, 21, 'Semi Terstruktur', 0, 0),
(74, 21, 'Campuran', 0, 0),
(75, 22, 'Wawancara', 0, 0),
(76, 22, 'Survey', 0, 0),
(77, 22, 'Focus Group Discussion', 1, 10),
(78, 22, 'Survey', 0, 0),
(79, 23, 'Observasi Non-Partisipatif', 0, 0),
(80, 23, 'Observasi Peneliti Terlibat', 0, 0),
(81, 23, 'Observasi Partisipatif', 1, 10),
(82, 23, 'Observasi Peneliti Tidak Terlibat', 0, 0),
(83, 24, 'Pedoman wawancara', 1, 10),
(84, 24, 'Menghitung sampel', 0, 0),
(85, 24, 'Mengetahui populasi', 0, 0),
(86, 24, 'Penentuan alat sampel', 0, 0),
(87, 25, 'Wawancara mendalam', 0, 0),
(88, 25, 'Kuisioner', 0, 0),
(89, 25, 'Observasi Partisipatif', 0, 0),
(90, 25, 'Semua Benar', 1, 10),
(91, 26, 'Angket', 0, 0),
(92, 26, 'Tes', 0, 0),
(93, 26, 'Statistik', 1, 10),
(94, 26, 'Semua Benar', 0, 0),
(95, 27, 'Kuantitatif', 1, 10),
(96, 27, 'Kualitatif', 0, 0),
(97, 27, 'Campuran', 0, 0),
(98, 27, 'Semua Benar', 0, 0),
(99, 28, 'Campuran', 0, 0),
(100, 28, 'Kualitatif', 1, 10),
(101, 28, 'Kuantitatif', 0, 0),
(102, 28, 'Semua Benar', 0, 0),
(103, 29, 'Identifikasi sumber data', 1, 10),
(104, 29, 'Analisis Data Tepat', 0, 0),
(105, 29, 'Penyajian Data yang menarik', 0, 0),
(106, 29, 'penetapan validitas data', 0, 0),
(107, 30, 'Rekomendasi', 0, 0),
(108, 30, 'Kesimpulan', 1, 10),
(109, 30, 'Background', 0, 0),
(110, 30, 'Abstract', 0, 0),
(111, 31, 'Kualitatif', 1, 10),
(112, 31, 'Kuantitatif', 0, 0),
(113, 31, 'Campuran', 0, 0),
(114, 31, 'Semua Benar', 0, 0),
(115, 32, 'Kualitatif', 0, 0),
(116, 32, 'Kuantitatif', 1, 10),
(117, 32, 'Campuran', 0, 0),
(118, 32, 'Semua Benar', 0, 0),
(119, 33, 'Tingkat Kepuasan Pelanggan', 0, 0),
(120, 33, 'Loyalitas pelanggan', 0, 0),
(121, 33, 'Produk atau layanan yang ditawarkan', 0, 0),
(122, 33, 'Semua Benar', 1, 10),
(123, 34, 'Menyusun infomrasi dan mengidentifikasi gap penelitian', 0, 0),
(124, 34, 'Mengikuti tren penelitian terbaru', 0, 0),
(125, 34, 'pemahaman state of the art dari topik yang diplih', 0, 0),
(126, 34, 'Publikasi relevan', 1, 10),
(127, 35, 'eksploratif', 0, 0),
(128, 35, 'analitis', 0, 0),
(129, 35, 'sistematif literature review', 1, 10),
(130, 35, 'obervatif', 0, 0),
(131, 36, 'memperdalam pengetahuan', 0, 0),
(132, 36, 'mengetahui perkembangan ilmu yang dipilih', 0, 0),
(133, 36, 'Memperjelas masalah penelitian', 0, 0),
(134, 36, 'Semua Benar', 1, 10),
(135, 37, 'Menetukan fokus penelitian', 0, 0),
(136, 37, 'Merumuskan pertanyaan penelitian', 0, 0),
(137, 37, 'Pengumpulan sumber dan referensi', 0, 0),
(138, 37, 'Semua Benar', 1, 10),
(139, 38, 'Jurnal Predator', 1, 10),
(140, 38, 'Scopus', 0, 0),
(141, 38, 'Sinta', 0, 0),
(142, 38, 'ISI', 0, 0),
(143, 39, 'Techinal Paper', 0, 0),
(144, 39, 'Survey Paper', 1, 10),
(145, 39, 'Systematic Review', 0, 0),
(146, 39, 'Salah Semua', 0, 0),
(147, 40, 'Tujuan', 0, 0),
(148, 40, 'Ruang Lingkup', 0, 0),
(149, 40, 'Latar Belakang Penelitian', 0, 0),
(150, 40, 'Semua Benar', 1, 10),
(151, 41, 'Pendahuluan', 0, 0),
(152, 41, 'Main Body', 1, 10),
(153, 41, 'Analisis', 0, 0),
(154, 41, 'Kesimpulan', 0, 0),
(155, 42, 'Parafrase', 0, 0),
(156, 42, 'Sitasi', 0, 0),
(157, 42, 'Cantumkan sumber penelusi', 0, 0),
(158, 42, 'Semua Benar', 1, 10),
(159, 43, 'Pemilihan tipe grafik yang tepat', 0, 0),
(160, 43, 'Penyusunan Tabel secara logis', 0, 0),
(161, 43, 'Informasi harus mudah dipahami', 0, 0),
(162, 43, 'Ringkasan harus komprehensif', 1, 10),
(163, 44, 'Relevansi penelitian', 0, 0),
(164, 44, 'Kredibilits penelitian', 0, 0),
(165, 44, 'Kontribusi penelitina', 0, 0),
(166, 44, 'Semua Benar', 1, 10),
(167, 45, 'APA', 0, 0),
(168, 45, 'Chicago', 0, 0),
(169, 45, 'Vancouvher', 0, 0),
(170, 45, 'Semua Benar', 1, 10),
(171, 46, 'kondisi kontradiktif antara hasil dan juga yang belum diteliti', 1, 10),
(172, 46, 'topik yang perlu diteliti secara mendalam', 0, 0),
(173, 46, 'usaha untuk mengeksplorasi lebih lanjut', 0, 0),
(174, 46, 'Hasil sejalan dengan tujuan', 0, 0),
(175, 47, 'Peningkatan kualitas', 0, 0),
(176, 47, 'Perspektif baru melalui perbaikan', 1, 10),
(177, 47, 'evaluasi dari mentor', 0, 0),
(178, 47, 'Lebih bervariasi', 0, 0),
(179, 48, 'Perbaikan struiktur', 0, 0),
(180, 48, 'Pengaturan ulang bagian penting', 0, 0),
(181, 48, 'Perbaharui sumber dan referensi', 0, 0),
(182, 48, 'Semua Benar', 1, 10),
(183, 49, 'menilai kekuatan, kelemahan, peluang dan tantangan dalam usaha atau penelitian', 1, 10),
(184, 49, 'agar dapat merancang rencana strategis yang efektif dan adaptif', 0, 0),
(185, 49, 'alat manajemen untuk menganalisis faktor internal dan eksternal', 0, 0),
(186, 49, 'Semua benar', 0, 0),
(187, 50, 'Strenght', 0, 0),
(188, 50, 'Weakness', 1, 10),
(189, 50, 'Opporunity', 0, 0),
(190, 50, 'Threat', 0, 0),
(191, 51, 'Bisnis Kecil', 0, 0),
(192, 51, 'Startup', 0, 0),
(193, 51, 'Perusahaan Besar', 0, 0),
(194, 51, 'Semua Benar', 1, 10),
(195, 52, 'Kuisioner', 0, 0),
(196, 52, 'Wawancara', 0, 0),
(197, 52, 'Literature Review', 0, 0),
(198, 52, 'Semua Benar', 1, 10),
(199, 53, 'Kuisioner', 0, 0),
(200, 53, 'Wawancara', 1, 10),
(201, 53, 'Literature Review', 0, 0),
(202, 53, 'Statistik', 0, 0),
(203, 54, 'Siapkan tabel SWOT, Buat Tabel IFAS dan EFAS, Siapkan Diagram Analisis SWOT, Matriks SWOT', 1, 10),
(204, 54, 'Siapkan tabel SWOT, Buat Tabel IFAS dan EFAS,, Matriks SWOT,  Siapkan Diagram Analisis SWOT', 0, 0),
(205, 54, 'Siapkan tabel SWOT,  Matriks SWOT, Buat Tabel IFAS dan EFAS,, Siapkan Diagram Analisis SWOT', 0, 0),
(206, 54, 'Matriks SWOT, Siapkan tabel SWOT,Buat Tabel IFAS dan EFAS,, Siapkan Diagram Analisis SWOT', 0, 0),
(207, 55, 'Strenght, Weakness', 0, 0),
(208, 55, 'Strength, Opportunities', 0, 0),
(209, 55, 'Weakness, Threat', 0, 0),
(210, 55, 'Threat, Opportunities', 1, 10),
(211, 56, 'Bobot', 0, 0),
(212, 56, 'Rating', 0, 0),
(213, 56, 'Tingkat Signifikasi', 1, 10),
(214, 56, 'Skor', 0, 0),
(215, 57, 'Kuadran I Progresif', 0, 0),
(216, 57, 'Kuadra II: Ubah Strategi', 1, 10),
(217, 57, 'Kuadran III: Ubah Strategi', 0, 0),
(218, 57, 'Kuadran IV: Strategi Bertahan', 0, 0),
(219, 58, 'Y:Opportunites-Threat', 1, 10),
(220, 58, 'Y= Opportunites-Weakness', 0, 0),
(221, 58, 'X: Strenght-Threat', 0, 0),
(222, 58, 'X: Weakness-Opportunities', 0, 0),
(223, 59, 'Memanfaatkan sumber daya', 0, 0),
(224, 59, 'Meningkatkan Keunggulan Kompetitif', 0, 0),
(225, 59, 'Mengidentifikasi dna mengembankan aspek-aspek unik', 0, 0),
(226, 59, 'Semua benar', 1, 10),
(227, 60, 'Pengembangan Kekuatan', 0, 0),
(228, 60, 'Mengatasi Kelemahan', 1, 10),
(229, 60, 'Menangkap Peluang', 0, 0),
(230, 60, 'Menghadapi Ancaman', 0, 0),
(231, 61, 'Pengembangan Kekuatan', 0, 0),
(232, 61, 'Mengatasi Kelemahan', 0, 0),
(233, 61, 'Menangkap Peluang', 0, 0),
(234, 61, 'Menghadapi Ancaman', 1, 10),
(235, 62, 'Kesalahan penilaian', 0, 0),
(236, 62, 'Akibat keterbatasan informasi', 0, 0),
(237, 62, 'Bias dalma data', 0, 0),
(238, 62, 'Benar Semua', 1, 10),
(239, 63, 'Adaptsi tren pasar', 0, 0),
(240, 63, 'Lingkungan bisnis terus berubah', 0, 0),
(241, 63, 'Pasar yang menciptakan peluang', 1, 10),
(242, 63, 'Dampak Ekonomi Global', 0, 0),
(243, 64, 'Pesan hanya disampaikan oleh satu pihak.', 0, 0),
(244, 64, 'Informasi mengalir dalam satu jalur dari atasan ke bawahan.', 0, 0),
(245, 64, 'Terjadi proses saling memahami antara pengirim dan penerima pesan.', 0, 0),
(246, 64, 'Komunikasi selalu berbentuk tertulis.', 1, 10),
(247, 64, 'Mengutamakan aspek bicara (verbal) semata.', 0, 0),
(248, 65, 'Menggunakan bahasa yang paling formal setiap saat.', 0, 0),
(249, 65, 'Meningkatkan kecepatan berbicara agar informasi cepat sampai.', 0, 0),
(250, 65, 'Menyesuaikan pesan dengan konteks dan audiens.', 0, 0),
(251, 65, 'Mengedepankan gaya bicara yang tegas dan agresif.', 1, 10),
(252, 65, 'Selalu menggunakan media digital agar lebih efisien.', 0, 0),
(253, 66, 'Warna kertas yang dipilih untuk menulis pesan.', 0, 0),
(254, 66, 'Intonasi suara, gerakan tubuh, dan ekspresi wajah.', 1, 10),
(255, 66, 'Pilihan kata-kata yang spesifik.', 0, 0),
(256, 66, 'Jumlah halaman dalam dokumen tertulis.', 0, 0),
(257, 66, 'Jenis huruf (font) yang digunakan.', 0, 0),
(258, 67, 'Direct', 0, 0),
(259, 67, 'Initiative', 1, 10),
(260, 67, 'Initiating', 0, 0),
(261, 67, 'Supportive', 0, 0),
(262, 67, 'Analytical', 0, 0),
(263, 68, 'Sangat kompetitif, agresif, dan berorientasi pada hasil.', 0, 0),
(264, 68, 'Suka berbicara panjang lebar tanpa struktur jelas.', 0, 0),
(265, 68, 'Bersikap tenang, ramah, dan cenderung menghindari konflik.', 0, 0),
(266, 68, 'Hanya menyampaikan informasi secara formal dan kaku.', 1, 10),
(267, 68, 'Menyukai diskusi terbuka dan menekankan kreativitas.', 0, 0),
(268, 69, 'Menggunakan penjelasan singkat tanpa detail agar tidak membuang waktu.', 0, 0),
(269, 69, 'Mengutamakan suasana santai dengan banyak canda.', 0, 0),
(270, 69, 'Memberikan penjelasan rinci dan data pendukung yang terstruktur.', 1, 10),
(271, 69, 'Mengungkapkan pendapat secara emosional agar lebih meyakinkan.', 0, 0),
(272, 69, 'Menghindari penggunaan data kuantitatif karena membosankan.', 0, 0),
(273, 70, 'Mendengarkan sambil melakukan hal lain yang lebih penting.', 0, 0),
(274, 70, 'Mendengar sekilas lalu langsung memberikan respons.', 0, 0),
(275, 70, 'Mendengar dengan penuh perhatian serta memahami dan merespons secara tepat.', 1, 10),
(276, 70, 'Mendengarkan dengan tujuan mencari kesalahan lawan bicara.', 0, 0),
(277, 70, 'Menyimak sebagian informasi dan meneruskannya ke orang lain.', 0, 0),
(278, 71, 'Langsung menyimpulkan pembicaraan sebelum narasumber selesai.', 0, 0),
(279, 71, 'Sering menyela lawan bicara untuk menekankan pendapat sendiri.', 0, 0),
(280, 71, 'Menghindari kontak mata agar tidak terkesan menekan pembicara.', 0, 0),
(281, 71, 'Memberikan isyarat non-verbal (misalnya anggukan) dan sesekali mengulang poin yang disampaikan.', 1, 10),
(282, 71, 'Merekam pembicaraan tanpa meminta izin terlebih dahulu.', 0, 0),
(283, 72, 'Untuk membuktikan bahwa pendengar lebih pandai daripada pembicara.', 0, 0),
(284, 72, 'Supaya pendengar dapat memotong pembicaraan kapan saja.', 0, 0),
(285, 72, 'Demi menegaskan kesalahan pembicara dalam berargumen.', 0, 0),
(286, 72, 'Agar pendengar mendapat gambaran lebih jelas dan terhindar dari kesalahpahaman.', 1, 10),
(287, 72, 'Supaya pendengar bisa mengalihkan topik pembicaraan ke hal lain.', 0, 0),
(288, 73, 'Memberikan waktu untuk diskusi ringan di awal dan membangun suasana akrab.', 1, 10),
(289, 73, 'Langsung memberikan tugas tertulis untuk dikerjakan.', 0, 0),
(290, 73, 'Menyampaikan detail angka dan data mendalam sejak awal.', 0, 0),
(291, 73, 'Menghindari kontak mata dan menjaga jarak fisik.', 0, 0),
(292, 73, 'Menutup kemungkinan diskusi dan fokus pada monolog.', 0, 0),
(293, 74, 'Direct (D)', 0, 0),
(294, 74, 'Initiating (I)', 0, 0),
(295, 74, 'Supportive (S)', 0, 0),
(296, 74, 'Analytical (A)', 1, 10),
(297, 74, 'Accommodating (AC)', 0, 0),
(298, 75, 'Agar dapat memaksakan pendapat pribadi dengan lebih efektif.', 0, 0),
(299, 75, 'Supaya Anda bisa berganti gaya komunikasi secara sembarangan.', 0, 0),
(300, 75, 'Untuk memahami dampaknya terhadap orang lain dan menyesuaikan strategi berkomunikasi.', 1, 10),
(301, 75, 'Memastikan Anda selalu tampil dengan gaya yang sama dalam segala situasi.', 0, 0),
(302, 75, 'Supaya setiap orang menyesuaikan diri dengan gaya Anda.', 0, 0),
(303, 76, 'Menghindari penggunaan media digital.', 0, 0),
(304, 76, 'Mengatur jadwal rapat rutin setiap harinya.', 0, 0),
(305, 76, 'Menyampaikan pesan secara lebih terstruktur dan mencapai tujuan komunikasi yang diinginkan.', 1, 10),
(306, 76, 'Menyembunyikan data sensitif dari publik.', 0, 0),
(307, 76, 'Memastikan hanya pihak tertentu yang dapat berkomunikasi.', 0, 0),
(308, 77, 'Memilih alat atau kanal komunikasi yang termurah.', 0, 0),
(309, 77, 'Menentukan audiens dan tujuan komunikasi secara jelas.', 1, 10),
(310, 77, 'Membuat slogan yang menarik perhatian.', 0, 0),
(311, 77, 'Mengumpulkan data tanpa mempedulikan kebutuhan audiens.', 0, 0),
(312, 77, 'Menetapkan deadline yang ketat tanpa penjelasan.', 0, 0),
(313, 78, 'Karena audiens selalu homogen dan mudah dipuaskan.', 0, 0),
(314, 78, 'Karena pesan dapat diganti sewaktu-waktu sesuai selera pembuat rencana.', 0, 0),
(315, 78, 'Supaya jadwal penyebaran informasi menjadi lebih acak dan tidak terprediksi.', 0, 0),
(316, 78, 'Dengan target dan pesan yang tepat, informasi bisa tersampaikan efektif dan tujuan komunikasi tercapai.', 1, 10),
(317, 78, 'Agar isi komunikasi tetap rahasia dan hanya diketahui orang-orang tertentu.', 0, 0),
(318, 79, 'Mengurangi jumlah tugas dan tanggung jawab dalam pekerjaan', 0, 0),
(319, 79, 'Membatasi relasi hanya dengan orang dari bidang yang sama', 0, 0),
(320, 79, 'Memperluas sudut pandang dan mempelajari pengalaman orang lain', 1, 10),
(321, 79, 'Menghindari kerja sama tim agar fokus pada kemampuan diri sendiri', 0, 0),
(322, 79, 'Membuat seseorang terlihat menonjol di setiap acara sosial', 0, 0),
(323, 80, 'Menunjukkan keahlian diri secara panjang lebar di awal perkenalan', 0, 0),
(324, 80, 'Mendominasi pembicaraan dengan topik pribadi', 0, 0),
(325, 80, 'Menggunakan ponsel agar orang lain melihat kita sibuk', 0, 0),
(326, 80, 'Bertanya tentang minat atau kebutuhan lawan bicara dan menunjukkan ketertarikan', 1, 10),
(327, 80, 'Memberikan kartu nama kepada semua orang tanpa memulai percakapan', 0, 0),
(328, 81, 'Aktif bertanya kepada orang baru tentang minat mereka', 0, 0),
(329, 81, 'Menceritakan pengalaman dan keahlian yang relevan', 0, 0),
(330, 81, 'Terus-menerus sibuk dengan ponsel tanpa berinteraksi', 1, 10),
(331, 81, 'Mencoba mempelajari kontak potensial di industri terkait', 0, 0),
(332, 81, 'Mengobrol dengan beberapa peserta berbeda secara santai', 0, 0),
(333, 82, 'Mengetahui struktur bangunan tempat acara berlangsung', 0, 0),
(334, 82, 'Mempersiapkan pertanyaan rumit untuk calon rekan bisnis', 0, 0),
(335, 82, 'Menyampaikan minat, pengetahuan, dan nilai diri secara ringkas', 1, 10),
(336, 82, 'Memberitahu orang lain kelemahan pribadi agar lebih jujur', 0, 0),
(337, 82, 'Menghafalkan semua nama dan jabatan peserta acara', 0, 0),
(338, 83, 'Menentukan apa saja yang akan dimakan selama acara', 0, 0),
(339, 83, 'Berusaha menghindari komunikasi dengan orang baru', 0, 0),
(340, 83, 'Menetapkan berapa banyak orang yang ingin ditemui dan topik pembicaraan', 1, 10),
(341, 83, 'Memastikan acara selesai lebih cepat', 0, 0),
(342, 83, 'Mengambil sebanyak mungkin souvenir tanpa bertanya', 0, 0),
(343, 84, 'Ketersediaan waktu luang selama acara', 0, 0),
(344, 84, 'Kumpulan kebiasaan buruk yang harus diperbaiki', 0, 0),
(345, 84, 'Kelebihan dan manfaat yang bisa kita tawarkan kepada orang lain', 1, 10),
(346, 84, 'Daftar barang bawaan untuk dibagikan gratis', 0, 0),
(347, 84, 'Jumlah nominal uang yang perlu disediakan', 0, 0),
(348, 85, 'Menunggu sampai orang lain menyapa terlebih dahulu', 0, 0),
(349, 85, 'Langsung mengajak pembicara membahas topik sensitif', 0, 0),
(350, 85, 'Mengajukan pertanyaan seputar minat dan pekerjaan mereka', 1, 10),
(351, 85, 'Menginterupsi orang yang sedang berbicara dengan peserta lain', 0, 0),
(352, 85, 'Menghindar agar tidak terlalu mencolok', 0, 0),
(353, 86, 'Supaya kita bisa mengendalikan semua percakapan', 0, 0),
(354, 86, 'Agar kita tampak dominan di tengah-tengah diskusi', 0, 0),
(355, 86, 'Karena membantu menghubungkan orang lain dapat memperluas jaringan secara timbal balik', 1, 10),
(356, 86, 'Untuk menjaga jarak dari diskusi yang tidak kita sukai', 0, 0),
(357, 86, 'Karena kita tidak memerlukan koneksi jika sudah memiliki cukup kontak', 0, 0),
(358, 87, 'Fokus pada membicarakan diri sendiri sepanjang acara', 0, 0),
(359, 87, 'Mencari tahu keterampilan dan layanan apa yang dibutuhkan peserta lain', 1, 10),
(360, 87, 'Menyimpan informasi kontak pribadi agar tidak tersebar', 0, 0),
(361, 87, 'Menghindari percakapan mengenai pekerjaan atau keahlian', 0, 0),
(362, 87, 'Mengajukan pertanyaan terkait gaji dan keuntungan finansial pribadi', 0, 0),
(363, 88, 'Untuk menunjukkan bahwa kita lebih sukses dari mereka', 0, 0),
(364, 88, 'Supaya dapat saling membandingkan pencapaian karier setiap saat', 0, 0),
(365, 88, 'Menjaga relasi dan potensi kerja sama jangka panjang', 1, 10),
(366, 88, 'Menghindari interaksi lebih lanjut agar tidak mengganggu', 0, 0),
(367, 88, 'Hanya agar kita dapat mempromosikan produk sendiri terus-menerus', 0, 0),
(368, 89, 'Mengirim pesan massal tanpa personalisasi ke semua kontak baru', 0, 0),
(369, 89, 'Mengelompokkan kontak berdasarkan preferensi komunikasi dan minatnya', 1, 10),
(370, 89, 'Meminta bantuan finansial secepat mungkin agar tampak berani', 0, 0),
(371, 89, 'Blokir kontak yang tidak setuju dengan pendapat kita', 0, 0),
(372, 89, 'Menghubungi mereka sekali dan tidak pernah lagi mengulangi follow-up', 0, 0),
(373, 90, 'Agar kita dapat mengawasi aktivitas harian mereka sepanjang waktu', 0, 0),
(374, 90, 'Memudahkan menjaga komunikasi dan berbagi informasi secara berkelanjutan', 1, 10),
(375, 90, 'Menunjukkan seberapa banyak likes yang bisa kita dapatkan dibandingkan orang lain', 0, 0),
(376, 90, 'Menghapus kontak yang sudah tidak relevan secara cepat', 0, 0),
(377, 90, 'Menghindari pertemuan tatap muka di masa depan', 0, 0),
(378, 91, 'Seberapa besar kerugian finansial yang diderita', 0, 0),
(379, 91, 'Jumlah stiker dan suvenir yang berhasil dikumpulkan', 0, 0),
(380, 91, 'Jumlah koneksi baru di media sosial atau janji temu dengan kontak potensial', 1, 10),
(381, 91, 'Seberapa cepat kita keluar dari acara tanpa dikenali', 0, 0),
(382, 91, 'Berapa banyak orang yang kita hindari selama acara', 0, 0),
(383, 92, 'Segera mengirim pesan pribadi yang menanyakan potensi kerja sama atau diskusi lanjut', 1, 10),
(384, 92, 'Menunggu hingga orang tersebut yang menghubungi kita lebih dulu', 0, 0),
(385, 92, 'Langsung menawarkan kontrak tertulis tanpa diskusi', 0, 0),
(386, 92, 'Tidak perlu menindaklanjuti demi menjaga privasi', 0, 0),
(387, 92, 'Melupakan tujuan awal karena acara networking sudah selesai', 0, 0),
(388, 93, 'Berapa kali kita menginterupsi pembicara sepanjang acara?', 0, 0),
(389, 93, 'Apakah kita berhasil memahami kebutuhan orang lain dan menawarkan nilai tambah?', 1, 10),
(390, 93, 'Bagaimana caranya menurunkan jumlah peserta yang hadir?', 0, 0),
(391, 93, 'Siapa yang membawa peralatan presentasi paling mahal?', 0, 0),
(392, 93, 'Berapa uang tunai yang harus disiapkan untuk biaya pendaftaran?', 0, 0),
(393, 94, 'Kemampuan bekerja sendiri untuk tujuan pribadi', 0, 0),
(394, 94, 'Kemampuan bekerja sama secara produktif untuk tujuan bersama', 1, 10),
(395, 94, 'Keterampilan memecah tugas menjadi beberapa bagian', 0, 0),
(396, 94, 'Upaya menghindari konflik dengan tim manapun', 0, 0),
(397, 94, 'Kesempatan memperlihatkan dominasi satu orang', 0, 0),
(398, 95, 'Menyelesaikan lebih sedikit tugas dengan lebih lambat', 0, 0),
(399, 95, 'Menyebabkan lebih banyak miskomunikasi', 0, 0),
(400, 95, 'Meningkatkan inovasi dan hasil kerja', 1, 10),
(401, 95, 'Mengurangi motivasi anggota tim', 0, 0),
(402, 95, 'Membuat tujuan semakin tidak jelas', 0, 0),
(403, 96, 'Agar tugas dapat dibagi sembarangan', 0, 0),
(404, 96, 'Untuk membebani satu orang dengan seluruh pekerjaan', 0, 0),
(405, 96, 'Supaya setiap anggota dapat berkontribusi secara optimal', 1, 10),
(406, 96, 'Agar bisa menghindari tanggung jawab tim', 0, 0),
(407, 96, 'Mencegah anggota tim lain memberi masukan', 0, 0),
(408, 97, 'Meremehkan keahlian orang lain', 0, 0),
(409, 97, 'Tidak perlu membagi tugas secara jelas', 0, 0),
(410, 97, 'Fokus pada potensi dan kelebihan masing-masing anggota', 1, 10),
(411, 97, 'Mengabaikan kekuatan yang dimiliki tim', 0, 0),
(412, 97, 'Mencari konflik agar tim tetap kompetitif', 0, 0),
(413, 98, 'Agar setiap anggota tim mengerjakan tugasnya secara terpisah', 0, 0),
(414, 98, 'Mencegah kesalahpahaman dan memastikan tanggung jawab jelas', 1, 10),
(415, 98, 'Mengizinkan satu anggota untuk memutuskan segalanya', 0, 0),
(416, 98, 'Supaya tidak ada diskusi sama sekali', 0, 0),
(417, 98, 'Mempercepat proses meski hasilnya kurang optimal', 0, 0),
(418, 99, 'Karena potensi tidak berpengaruh pada hasil proyek', 0, 0),
(419, 99, 'Untuk memastikan tugas terdistribusi sesuai kemampuan terbaik', 1, 10),
(420, 99, 'Agar anggota tim bekerja setengah-setengah', 0, 0),
(421, 99, 'Supaya hanya orang tertentu yang menonjol', 0, 0),
(422, 99, 'Untuk membatasi ruang kreativitas tim', 0, 0),
(423, 100, 'Semua anggota memiliki latar belakang yang sama persis', 0, 0),
(424, 100, 'Memastikan motivasi, keterampilan, dan kompatibilitas antaranggota', 1, 10),
(425, 100, 'Hanya memilih anggota yang setuju dengan satu orang saja', 0, 0),
(426, 100, 'Menghindari orang-orang dengan pendapat berbeda', 0, 0),
(427, 100, 'Menyusun tim berdasarkan urutan abjad nama', 0, 0),
(428, 101, 'Membingungkan anggota tim dengan tujuan yang saling bertentangan', 0, 0),
(429, 101, 'Memberi kebebasan penuh tanpa arah yang jelas', 0, 0),
(430, 101, 'Menciptakan visi dan sasaran yang dapat diukur bersama', 1, 10),
(431, 101, 'Membatasi kreativitas anggota tim sepenuhnya', 0, 0),
(432, 101, 'Mengharuskan setiap anggota mengikuti pendapat pribadi pemimpin', 0, 0),
(433, 102, 'Agar tidak ada yang mengerti tanggung jawab masing-masing', 0, 0),
(434, 102, 'Untuk memaksa semua anggota bekerja di luar keahlian mereka', 0, 0),
(435, 102, 'Membantu setiap orang memahami tugas dan kontribusinya', 1, 10),
(436, 102, 'Supaya pekerjaan bisa dilempar satu sama lain tanpa aturan', 0, 0),
(437, 102, 'Mencegah tim mencapai tujuan yang jelas', 0, 0),
(438, 103, 'Memicu konflik personal agar suasana tetap tegang', 0, 0),
(439, 103, 'Menjaga konflik tetap produktif untuk menemukan solusi inovatif', 1, 10),
(440, 103, 'Menghindari pembicaraan tentang masalah tim', 0, 0),
(441, 103, 'Membuat drama di dalam tim agar lebih seru', 0, 0),
(442, 103, 'Menunda penyelesaian proyek dengan dalih kreativitas', 0, 0),
(443, 104, 'Agar anggota tim saling bersaing secara tidak sehat', 0, 0),
(444, 104, 'Supaya setiap keputusan terpusat pada satu orang saja', 0, 0),
(445, 104, 'Untuk menciptakan lingkungan di mana anggota tim bisa terbuka dan bekerja sama', 1, 10),
(446, 104, 'Membuat seluruh anggota takut mengemukakan pendapat', 0, 0),
(447, 104, 'Memudahkan pemimpin memonopoli diskusi', 0, 0),
(448, 105, 'Agar semua anggota bisa menunda pekerjaan sampai batas akhir', 0, 0),
(449, 105, 'Menentukan kapan saja tim boleh menonton film bersama', 0, 0),
(450, 105, 'Membantu tim mengatur alur kerja dan mencapai tenggat waktu', 1, 10),
(451, 105, 'Mencegah tim membuat perencanaan tambahan', 0, 0),
(452, 105, 'Mengharuskan tim bekerja tanpa jeda istirahat', 0, 0),
(453, 106, 'Hanya mengizinkan pemimpin berbicara sepanjang waktu', 0, 0),
(454, 106, 'Membiarkan konflik personal tanpa arahan', 0, 0),
(455, 106, 'Membangun komunikasi yang terbuka dan teratur di antara anggota', 1, 10),
(456, 106, 'Menghindari masukan apa pun dari rekan tim', 0, 0),
(457, 106, 'Mendominasi pembicaraan dengan ide sendiri', 0, 0),
(458, 107, 'Memastikan setiap anggota tim memiliki kebencian bersama', 0, 0),
(459, 107, 'Tidak pernah berkomunikasi kecuali saat rapat akhir', 0, 0),
(460, 107, 'Menetapkan perilaku yang dapat diterima dalam menyelesaikan konflik', 1, 10),
(461, 107, 'Memotong ide orang lain sebelum sempat dipaparkan', 0, 0),
(462, 107, 'Menyembunyikan informasi agar lebih unggul', 0, 0),
(463, 108, 'Hanya bermanfaat bagi pemimpin proyek', 0, 0),
(464, 108, 'Memfasilitasi komunikasi, solusi masalah, dan sinergi antar-anggota', 1, 10),
(465, 108, 'Menurunkan motivasi tim karena terlalu banyak diskusi', 0, 0),
(466, 108, 'Membuat tim bingung karena semua anggota memiliki pendapat', 0, 0),
(467, 108, 'Tidak ada pengaruh sama sekali pada proses kolaborasi', 0, 0);

-- --------------------------------------------------------

--
-- Table structure for table `tbl_product`
--

CREATE TABLE `tbl_product` (
  `p_id` int(11) NOT NULL,
  `p_jenis` varchar(50) NOT NULL,
  `p_judul` text NOT NULL,
  `p_deskripsi` text DEFAULT NULL,
  `p_img` varchar(200) DEFAULT NULL,
  `p_id_lms` text NOT NULL,
  `p_url_lms` text NOT NULL,
  `p_harga` int(11) DEFAULT NULL,
  `p_status` int(11) NOT NULL DEFAULT 0,
  `p_created_date` timestamp NULL DEFAULT NULL,
  `p_modified_date` timestamp NULL DEFAULT NULL,
  `p_start_date` timestamp NULL DEFAULT NULL,
  `p_end_date` timestamp NULL DEFAULT NULL
) ENGINE=InnoDB DEFAULT CHARSET=latin1 COLLATE=latin1_swedish_ci ROW_FORMAT=DYNAMIC;

--
-- Dumping data for table `tbl_product`
--

INSERT INTO `tbl_product` (`p_id`, `p_jenis`, `p_judul`, `p_deskripsi`, `p_img`, `p_id_lms`, `p_url_lms`, `p_harga`, `p_status`, `p_created_date`, `p_modified_date`, `p_start_date`, `p_end_date`) VALUES
(1, 'course', 'Natural Language Processing (NLP) Basics', 'Learn the basics of NLP, including text processing, sentiment analysis, and language generation.', 'uploads/course/course1_1711803657.jpg', '4', 'https://ems.ai4talent.my.id/course/natural-language-processing-nlp-basics', 10000, 0, '2025-01-22 13:29:57', '2025-03-20 09:05:44', '2024-01-21 08:55:00', '2024-04-22 09:15:00'),
(2, 'course', 'AI and Robotics Integration', 'Explore the integration of AI and robotics, including robot control and perception.', 'uploads/course/course13_1711803683.jpg', '9', 'https://ems.ai4talent.my.id/course/ai-and-robotics-integration', 30000, 0, '2025-01-20 07:34:23', '2025-03-16 06:36:26', '2024-01-21 08:55:00', '2024-01-22 09:15:00'),
(3, 'course', 'AI for Finance', 'Analyze the application of AI in financial markets, risk assessment, and investment strategies.', 'uploads/course/course14_1711803699.jpg', '11', 'https://ems.ai4talent.my.id/course/ai-for-finance', 10000, 0, '2025-01-20 07:34:29', '2025-03-16 06:36:18', '2024-03-29 02:54:00', '2024-04-01 02:54:00'),
(4, 'course', 'AI for Marketing', 'Explore AI-driven marketing strategies, including customer segmentation and personalized campaigns.', 'uploads/course/course15_1711803710.jpg', '12', 'https://ems.ai4talent.my.id/course/ai-for-marketing', 20000, 0, '2025-01-20 07:34:38', '2025-03-16 06:36:11', '2024-03-30 02:55:00', '2024-04-06 02:55:00'),
(5, 'course', 'Computer Vision Fundamentals', 'An in-depth look at computer vision techniques, object detection, and image recognition.', 'uploads/course/course16_1711803721.jpg', '5', 'https://ems.ai4talent.my.id/course/computer-vision-fundamentals', 5000, 0, '2025-01-20 07:34:45', '2025-03-16 06:36:02', '2024-03-30 02:56:00', '2024-04-04 02:56:00'),
(6, 'course', 'AI Ethics and Responsible AI', 'Examine the ethical considerations and responsible practices in the field of AI.', 'uploads/course/course17_1711803733.jpg', '7', 'https://ems.ai4talent.my.id/course/ai-ethics-and-responsible-ai', 20000, 0, '2025-01-20 07:35:00', '2025-03-16 06:35:49', '2024-03-30 02:56:00', '2024-04-02 02:56:00'),
(8, 'course', 'Meningkatkan penggunaan metode pengumpulan data dan analisis', 'Meningkatkan penggunaan metode pengumpulan data dan analisis', 'uploads/course/1742132935_pelatihan_analisis_data (1).png', '1', 'https://procat.ai4big.com/member/course/topic/8', 0, 1, NULL, '2025-03-16 07:33:28', '2025-03-16 17:00:00', '2025-03-18 15:00:00'),
(9, 'course', 'Melatih kemampuan menulis (logbook)', 'Melatih kemampuan menulis (logbook)', 'uploads/course/1742259189_pelatihan_logbook (2).png', '1', 'https://', 0, 1, NULL, NULL, '2025-03-18 01:00:00', '2025-03-18 15:00:00'),
(10, 'course', 'Meningkatkan kemampuan komunikasi, jaringan dan kolaborasi', 'Meningkatkan kemampuan komunikasi, jaringan dan kolaborasi', 'uploads/course/1744066042_course_kolaborasi (1).png', '1', 'https://', 0, 1, NULL, '2025-04-07 18:03:37', '2025-04-08 01:00:00', '2025-04-08 16:00:00');

-- --------------------------------------------------------

--
-- Table structure for table `tbl_projects`
--

CREATE TABLE `tbl_projects` (
  `project_id` bigint(20) UNSIGNED NOT NULL,
  `project_name` varchar(255) NOT NULL,
  `user_id` int(11) NOT NULL,
  `project_desc` text DEFAULT NULL,
  `start_date` date NOT NULL,
  `end_date` date NOT NULL,
  `status` varchar(255) NOT NULL,
  `created_at` timestamp NULL DEFAULT NULL,
  `updated_at` timestamp NULL DEFAULT NULL
) ENGINE=InnoDB DEFAULT CHARSET=utf8mb4 COLLATE=utf8mb4_unicode_ci ROW_FORMAT=DYNAMIC;

--
-- Dumping data for table `tbl_projects`
--

INSERT INTO `tbl_projects` (`project_id`, `project_name`, `user_id`, `project_desc`, `start_date`, `end_date`, `status`, `created_at`, `updated_at`) VALUES
(1, 'Project A', 2, 'Ini adalah sebuah project', '2025-02-02', '2025-03-01', 'active', '2025-02-09 10:39:18', '2025-02-09 10:39:18'),
(2, 'coba', 2, 'coba', '2025-02-09', '2025-02-12', 'active', '2025-02-09 11:33:23', '2025-02-09 11:33:23'),
(3, 'project abc', 2, 'balala', '2025-02-09', '2025-02-23', 'active', '2025-02-09 11:45:13', '2025-02-09 11:45:13'),
(6, 'project wacana', 2, 'balala oioioi', '2025-02-09', '2025-02-23', 'deleted', '2025-02-09 11:51:33', '2025-02-18 17:56:19'),
(7, 'project coba', 3, 'yaayaya', '2025-02-16', '2025-02-23', 'inactive', '2025-02-16 12:29:33', '2025-02-18 17:56:42'),
(8, 'pembangunan gedung', 3, 'pembangunan gedung mainan', '2025-02-23', '2025-03-08', 'active', '2025-02-16 12:34:49', '2025-02-16 12:34:49'),
(9, 'Project cde', 2, 'Project mengenai digitalisasi sebuah perusahaan', '2025-02-19', '2025-03-03', 'active', '2025-02-18 17:55:19', '2025-02-18 17:55:19'),
(10, 'War Ticket', 2, 'war ticket kereta api di dini hari', '2025-02-19', '2025-02-20', 'active', '2025-02-18 18:06:11', '2025-02-18 18:06:11'),
(11, 'Project qq', 3, 'project for test the mark done activity', '2025-03-08', '2025-03-10', 'active', '2025-03-08 07:19:49', '2025-03-08 07:19:49'),
(12, 'Draft Pertama pada \"Feasibility Study\" terhadap ide', 47, 'https://docs.google.com/document/d/1bNnNP-4fKtdEAUEQkZX5mzn1ktzWsmfX1X--aqk4pcg/edit?usp=sharing \n\nYoshe Agatha Fidela - 2602234950 (individu)', '2025-03-18', '2025-03-23', 'completed', '2025-03-23 05:49:41', '2025-03-23 05:49:41');

-- --------------------------------------------------------

--
-- Table structure for table `tbl_role_projects`
--

CREATE TABLE `tbl_role_projects` (
  `rolep_id` bigint(20) UNSIGNED NOT NULL,
  `project_id` bigint(20) UNSIGNED NOT NULL,
  `rolep_name` varchar(255) NOT NULL,
  `rolep_desc` text DEFAULT NULL,
  `mark_done_activity` int(11) DEFAULT NULL,
  `add_activity_ability` int(11) DEFAULT NULL,
  `created_at` timestamp NULL DEFAULT NULL,
  `updated_at` timestamp NULL DEFAULT NULL
) ENGINE=InnoDB DEFAULT CHARSET=utf8mb4 COLLATE=utf8mb4_unicode_ci ROW_FORMAT=DYNAMIC;

--
-- Dumping data for table `tbl_role_projects`
--

INSERT INTO `tbl_role_projects` (`rolep_id`, `project_id`, `rolep_name`, `rolep_desc`, `mark_done_activity`, `add_activity_ability`, `created_at`, `updated_at`) VALUES
(1, 1, 'Project Manager', 'manage project', NULL, 1, '2025-02-09 10:39:18', '2025-03-01 14:00:14'),
(6, 6, 'pm', 'ppm', NULL, 0, '2025-02-09 11:51:33', '2025-02-18 17:56:19'),
(7, 2, 'pm', 'pmpmpm', NULL, NULL, '2025-02-09 13:10:57', '2025-02-09 13:11:09'),
(8, 6, 'Fullstack engineer', 'yaa', NULL, 0, '2025-02-13 14:45:05', '2025-02-18 17:56:19'),
(9, 7, 'PM', 'project manager', NULL, 1, '2025-02-16 12:29:33', '2025-02-18 17:56:42'),
(10, 8, 'PM', 'project manager', 1, 1, '2025-02-16 12:34:49', '2025-03-08 07:23:32'),
(11, 8, 'developer', 'buat kerangka', 0, 0, '2025-02-16 13:07:06', '2025-03-08 07:23:32'),
(13, 9, 'Project Manager 111', 'Always check the timeline', NULL, 1, '2025-02-18 17:55:19', '2025-02-18 17:55:55'),
(14, 10, 'Customer', 'pelanggan kai access', 0, 0, '2025-02-18 18:06:11', '2025-03-08 07:24:59'),
(15, 11, 'PM', 'Project Manager', 1, 1, '2025-03-08 07:19:49', '2025-03-08 07:20:26'),
(16, 11, 'QA', 'Quality Assurance', 1, 0, '2025-03-08 07:19:49', '2025-03-08 07:20:26'),
(17, 10, 'Pemilik Project', 'Pemilik Project War Ticket', 1, 1, '2025-03-08 07:24:59', '2025-03-08 07:24:59'),
(18, 12, 'Yoshe Agatha Fidela - CEO', 'Owner individu bisnis, mengatur secara keseluruhan agar bisnis dapat dijalankan dengan lancar', 1, 1, '2025-03-23 05:49:41', '2025-03-23 05:49:41');

-- --------------------------------------------------------

--
-- Table structure for table `tbl_submission`
--

CREATE TABLE `tbl_submission` (
  `sm_id` int(11) NOT NULL,
  `sm_st_id` int(11) NOT NULL,
  `sm_user_id` int(11) NOT NULL,
  `sm_file` varchar(255) NOT NULL,
  `sm_comment` varchar(255) DEFAULT NULL,
  `sm_status` int(11) NOT NULL,
  `sm_grade` int(11) DEFAULT NULL,
  `sm_feedback_comment` text DEFAULT NULL,
  `sm_creadate` timestamp NULL DEFAULT NULL,
  `sm_modidate` timestamp NULL DEFAULT NULL
) ENGINE=InnoDB DEFAULT CHARSET=latin1 COLLATE=latin1_swedish_ci ROW_FORMAT=DYNAMIC;

--
-- Dumping data for table `tbl_submission`
--

INSERT INTO `tbl_submission` (`sm_id`, `sm_st_id`, `sm_user_id`, `sm_file`, `sm_comment`, `sm_status`, `sm_grade`, `sm_feedback_comment`, `sm_creadate`, `sm_modidate`) VALUES
(2, 8, 2, 'uploads/submission/1739529447_P2_Intro OpenCV_Indrajani.pptx.pdf', NULL, 0, 90, 'Lorem ipsum dolor sit amet, consectetur adipiscing elit. Vivamus lacinia quam ut dui congue, eu vehicula elit laoreet. Proin a lacinia metus, in fringilla elit. Integer feugiat erat magna, a dictum purus pretium a. Vivamus id tortor nec magna egestas gravida. Sed laoreet gravida enim, non malesuada arcu tincidunt a.', '2025-02-14 03:37:27', NULL),
(3, 33, 23, 'uploads/submission/1742593485_BUZZ RTTO ASS 4.pdf', NULL, 0, NULL, NULL, '2025-03-21 14:44:36', NULL),
(4, 33, 43, 'uploads/submission/1742662851_RTTO Assignment 1 18 MAR 2025.docx', NULL, 0, NULL, NULL, '2025-03-22 10:00:51', NULL),
(5, 33, 25, 'uploads/submission/1742664549_RTTO.docx', NULL, 0, NULL, NULL, '2025-03-22 10:29:10', NULL),
(6, 33, 47, 'uploads/submission/1742709365_Tiny N Clean _ Roll To Be Clean.docx', NULL, 0, NULL, NULL, '2025-03-22 22:56:04', NULL),
(7, 33, 20, 'uploads/submission/1742710676_2602151821_Samuel Vincent_Pengumpulan Data RTTO.docx', NULL, 0, NULL, NULL, '2025-03-22 23:17:47', NULL),
(8, 33, 19, 'uploads/submission/1742711409_Tugas RTTO 1 - Jeremy Christian B.pdf', NULL, 0, NULL, NULL, '2025-03-22 23:30:06', NULL),
(9, 33, 42, 'uploads/submission/1742712189_William senangsa - 2602170410.pdf', NULL, 0, NULL, NULL, '2025-03-22 23:43:08', NULL),
(10, 33, 35, 'uploads/submission/1742717087_Tugas Pelatihan Pengumpulan Data Muhamad Zidan - 2602178451.docx', NULL, 0, NULL, NULL, '2025-03-23 01:05:03', NULL),
(11, 33, 6, 'uploads/submission/1742718203_Tugas Pelatihan Pengumpulan Data.pdf', NULL, 0, NULL, NULL, '2025-03-23 01:23:25', NULL),
(12, 33, 8, 'uploads/submission/1742718699_Tugas Pelatihan Pengumpulan Data.pdf', NULL, 0, NULL, NULL, '2025-03-23 01:31:39', NULL),
(13, 33, 24, 'uploads/submission/1742718985_Tugas RTTO - Artanti Magnolia Chow - 2602109744.docx', NULL, 0, NULL, NULL, '2025-03-23 01:36:24', NULL),
(14, 33, 24, 'uploads/submission/1742718985_Tugas RTTO - Artanti Magnolia Chow - 2602109744.docx', NULL, 0, NULL, NULL, '2025-03-23 01:36:24', NULL),
(15, 33, 7, 'uploads/submission/1742721142_Mathis_ElvisDanielPratama.docx', NULL, 0, NULL, NULL, '2025-03-23 02:12:21', NULL),
(16, 33, 26, 'uploads/submission/1742723822_RTTO Vania Tandri_2602108275.docx', NULL, 0, NULL, NULL, '2025-03-23 02:57:02', NULL),
(17, 33, 28, 'uploads/submission/1742723936_ENTREPRENEUR COURSE PROJECT.pdf', NULL, 0, NULL, NULL, '2025-03-23 02:58:57', NULL),
(18, 33, 33, 'uploads/submission/1742727884_Layalia Jasmine Soraya_2602186440_Tugas Kursus Pengumpulan Data.pdf', NULL, 0, NULL, NULL, '2025-03-23 04:04:44', NULL),
(19, 33, 27, 'uploads/submission/1742746333_tugas rtto-compressed.pdf', NULL, 0, NULL, NULL, '2025-03-23 09:12:10', NULL);

-- --------------------------------------------------------

--
-- Table structure for table `tbl_subtopic`
--

CREATE TABLE `tbl_subtopic` (
  `st_id` int(11) NOT NULL,
  `st_t_id` int(11) NOT NULL,
  `st_jenis` varchar(20) NOT NULL,
  `st_name` varchar(100) NOT NULL,
  `st_file` varchar(255) DEFAULT NULL,
  `st_start_date` timestamp NULL DEFAULT NULL,
  `st_due_date` timestamp NULL DEFAULT NULL,
  `st_duration` int(11) DEFAULT NULL,
  `st_attemp_allowed` int(11) DEFAULT NULL,
  `st_creadate` timestamp NULL DEFAULT NULL,
  `st_modidate` timestamp NULL DEFAULT NULL,
  `st_is_shuffle` tinyint(4) DEFAULT NULL,
  `st_jumlah_shuffle` int(11) DEFAULT NULL
) ENGINE=InnoDB DEFAULT CHARSET=latin1 COLLATE=latin1_swedish_ci ROW_FORMAT=DYNAMIC;

--
-- Dumping data for table `tbl_subtopic`
--

INSERT INTO `tbl_subtopic` (`st_id`, `st_t_id`, `st_jenis`, `st_name`, `st_file`, `st_start_date`, `st_due_date`, `st_duration`, `st_attemp_allowed`, `st_creadate`, `st_modidate`, `st_is_shuffle`, `st_jumlah_shuffle`) VALUES
(1, 2, 'Test', 'Pretest', NULL, '2025-01-22 13:42:57', NULL, NULL, NULL, '2025-01-19 17:00:00', NULL, NULL, NULL),
(2, 2, 'Modul', 'P2a Pengenalan Toolss', 'uploads/Modul/1737372674_1_5_Energi dan daya Listrik-1.pdf', '2025-01-22 13:42:57', NULL, NULL, NULL, '2025-01-20 11:31:14', NULL, NULL, NULL),
(3, 1, 'Test', 'Pretest', NULL, '2025-01-27 13:42:57', '2025-02-28 10:17:00', 30, 2, '2025-01-20 16:36:16', NULL, NULL, NULL),
(4, 1, 'Modul', 'P1a Modul Instalasi', 'uploads/Modul/1737391029_1_5_Energi dan daya Listrik-1.pdf', '2025-01-22 13:42:57', NULL, NULL, NULL, '2025-01-20 16:37:09', NULL, NULL, NULL),
(5, 1, 'Test', 'Posttest', NULL, '2025-01-22 13:42:57', NULL, NULL, NULL, '2025-01-20 16:38:04', NULL, NULL, NULL),
(6, 2, 'Task', 'P2b Task : Review Tools', 'uploads/Task/1737391514_1_5_Energi dan daya Listrik-1.pdf', '2025-01-22 13:42:57', '2025-01-24 17:00:00', NULL, NULL, '2025-01-20 16:45:14', NULL, NULL, NULL),
(8, 2, 'Task Collection', 'Hasil Review Tools', NULL, '2025-01-22 13:42:57', '2025-02-21 16:59:00', NULL, NULL, '2025-01-20 16:59:54', NULL, NULL, NULL),
(9, 4, 'Test', 'Pretest', NULL, '2025-01-22 13:42:57', NULL, NULL, NULL, '2025-01-20 17:05:53', NULL, NULL, NULL),
(10, 4, 'Modul', 'Modul Introduction to AI', 'uploads/Modul/1737392778_1_5_Energi dan daya Listrik-1.pdf', '2025-01-22 13:42:57', NULL, NULL, NULL, '2025-01-20 17:06:18', NULL, NULL, NULL),
(11, 5, 'Test', 'Pretest', NULL, '2025-01-22 13:42:57', NULL, NULL, NULL, '2025-01-20 17:08:16', NULL, NULL, NULL),
(12, 5, 'Modul', 'Modul', 'uploads/Modul/1737392927_1_5_Energi dan daya Listrik-1.pdf', '2025-01-22 13:42:57', NULL, NULL, NULL, '2025-01-20 17:08:47', NULL, NULL, NULL),
(14, 6, 'Test', 'Pretest', NULL, '2025-01-22 13:42:57', NULL, NULL, NULL, '2025-01-20 17:09:11', NULL, NULL, NULL),
(15, 6, 'Task', 'Review Pengenalan Tools', 'uploads/Task/1737392984_1_5_Energi dan daya Listrik-1.pdf', '2025-01-22 13:42:57', '2025-01-29 17:09:00', NULL, NULL, '2025-01-20 17:09:44', NULL, NULL, NULL),
(16, 6, 'Task Collection', 'Hasil Reviw', NULL, '2025-01-22 13:42:57', '2025-01-29 17:09:00', NULL, NULL, '2025-01-20 17:10:00', NULL, NULL, NULL),
(17, 1, 'Feedback', 'Feedback P1', NULL, NULL, NULL, NULL, NULL, '2025-02-23 17:45:06', NULL, NULL, NULL),
(18, 2, 'Feedback', 'Feedback p2', NULL, NULL, NULL, NULL, NULL, '2025-02-24 07:27:01', NULL, NULL, NULL),
(19, 2, 'Certificate', 'Certificate of Completion', NULL, NULL, NULL, NULL, NULL, '2025-03-10 15:11:55', NULL, NULL, NULL),
(20, 7, 'Modul', 'Konsep Pengumpulan Data:  Definisi, jenis, tujuan, proses/tahapan', 'uploads/modul/1742133405_Pertemuan 1_Konsep Pengumpulan Data_ Definisi, Jenis, Tujuan, dan Proses.pdf', NULL, NULL, NULL, NULL, '2025-03-16 06:56:44', NULL, NULL, NULL),
(21, 8, 'Modul', 'Memahami proses  pengumpulan data baik secara kualitatif dan kuantitatif', 'uploads/modul/1742133438_Pertemuan 2_Metode Pengumpulan Data Kualitatif dan Kuantitatif dalam Bisnis.pdf', NULL, NULL, NULL, NULL, '2025-03-16 06:57:17', NULL, NULL, NULL),
(22, 9, 'Modul', 'Mengerjakan proyek sederhana dengan studi kasus sebuah paper/artikel', 'uploads/modul/1742133467_Pertemuan 3_Mengerjakan Proyek Berdasarkan Tahapan Literature Review dalam Topik Bisnis.pdf', NULL, NULL, NULL, NULL, '2025-03-16 06:57:43', NULL, NULL, NULL),
(23, 10, 'Modul', 'Menganalisis Data Kualitatif', 'uploads/modul/1742133499_Pertemuan 4_Analisis Kualitatif SWOT Bisnis_ Memahami Kekuatan dan Kelemahan.pdf', NULL, NULL, NULL, NULL, '2025-03-16 06:58:17', NULL, NULL, NULL),
(24, 7, 'Test', 'Pretest Modul 1', NULL, '2025-03-17 01:00:00', '2025-03-18 15:00:00', 10, 1, '2025-03-16 14:59:11', NULL, NULL, NULL),
(25, 7, 'Test', 'Posttest Modul 1', NULL, '2025-03-17 01:00:00', '2025-03-18 15:00:00', 10, 4, '2025-03-16 14:59:57', NULL, NULL, NULL),
(26, 8, 'Test', 'Pretest Modul 2', NULL, '2025-03-17 01:00:00', '2025-03-18 15:00:00', 10, 1, '2025-03-16 15:03:39', NULL, NULL, NULL),
(27, 8, 'Test', 'Posttest Modul 2', NULL, '2025-03-17 01:00:00', '2025-03-18 15:00:00', 10, 3, '2025-03-16 15:04:16', NULL, NULL, NULL),
(28, 9, 'Test', 'Pretest Modul 3', NULL, '2025-03-17 01:00:00', '2025-03-18 15:00:00', 10, 1, '2025-03-16 15:06:30', NULL, NULL, NULL),
(29, 9, 'Test', 'Posttest Modul 3', NULL, '2025-03-17 01:00:00', '2025-03-18 15:00:00', 10, 3, '2025-03-16 15:07:03', NULL, NULL, NULL),
(30, 10, 'Test', 'Pretest Modul 4', NULL, '2025-03-17 01:00:00', '2025-03-18 15:00:00', 10, 1, '2025-03-16 15:09:05', NULL, NULL, NULL),
(31, 10, 'Test', 'Posttest Modul 4', NULL, '2025-03-17 01:00:00', '2025-03-18 15:00:00', 10, 3, '2025-03-16 15:09:44', NULL, NULL, NULL),
(32, 11, 'Modul', 'Merencanakan aktifitas, pencatatan dan evaluasi', 'uploads/modul/1742259393_Pembuatan logbook menggunakan excel_18032025.pdf', NULL, NULL, NULL, NULL, '2025-03-17 17:56:31', NULL, NULL, NULL),
(33, 10, 'Task Collection', 'Tugas kursus pengumpulan data', NULL, NULL, '2025-03-23 11:00:00', NULL, NULL, '2025-03-17 18:55:56', NULL, NULL, NULL),
(34, 12, 'Modul', 'Menguasai Komunikasi untuk Keberhasilan Bisnis serta Membangun Komunikasi yang Efektif dan Persuasif', 'uploads/modul/1744066169_1. Komunikasi_compressed.pdf', NULL, NULL, NULL, NULL, '2025-04-07 15:49:35', NULL, NULL, NULL),
(35, 12, 'Test', 'Pretest Modul 1', NULL, '2025-04-08 01:00:00', '2025-04-08 16:00:00', 10, 1, '2025-04-07 15:52:19', NULL, 1, 10),
(36, 12, 'Test', 'Posttest Modul 1', NULL, '2025-04-08 01:00:00', '2025-04-08 16:00:00', 10, 3, '2025-04-07 15:57:47', '2025-04-08 01:30:22', 1, 10),
(37, 13, 'Modul', 'Membangun Jaringan Bisnis', 'uploads/modul/1744066707_2. Networking_compressed.pdf', NULL, NULL, NULL, NULL, '2025-04-07 15:58:35', NULL, NULL, NULL),
(38, 13, 'Test', 'Pretest Modul 2', NULL, '2025-04-08 01:00:00', '2025-04-08 16:00:00', 10, 1, '2025-04-07 15:59:15', NULL, 1, 10),
(39, 13, 'Test', 'Posttest Modul 2', NULL, '2025-04-08 01:00:00', '2025-04-08 16:00:00', 10, 3, '2025-04-07 16:00:10', '2025-04-08 01:30:55', 1, 10),
(40, 14, 'Modul', 'Membangun Kolaborasi yang Menguntungkan Semua Pihak', 'uploads/modul/1744066855_3. Team Collaboration_compressed.pdf', NULL, NULL, NULL, NULL, '2025-04-07 16:01:02', NULL, NULL, NULL),
(41, 14, 'Test', 'Pretest Modul 3', NULL, '2025-04-08 01:00:00', '2025-04-08 16:00:00', 10, 1, '2025-04-07 16:01:36', NULL, 1, 10),
(42, 14, 'Test', 'Posttest Modul 3', NULL, '2025-04-08 01:00:00', '2025-04-08 16:00:00', 10, 3, '2025-04-07 16:02:07', '2025-04-08 01:31:25', 1, 10);

-- --------------------------------------------------------

--
-- Table structure for table `tbl_subtopic_test`
--

CREATE TABLE `tbl_subtopic_test` (
  `test_st_id` int(11) NOT NULL,
  `test_pertanyaan_id` int(11) NOT NULL
) ENGINE=InnoDB DEFAULT CHARSET=utf8mb4 COLLATE=utf8mb4_general_ci ROW_FORMAT=DYNAMIC;

--
-- Dumping data for table `tbl_subtopic_test`
--

INSERT INTO `tbl_subtopic_test` (`test_st_id`, `test_pertanyaan_id`) VALUES
(3, 1),
(3, 2),
(3, 3),
(1, 1),
(1, 2),
(1, 3),
(24, 4),
(24, 5),
(24, 6),
(24, 7),
(24, 8),
(24, 9),
(24, 10),
(24, 11),
(24, 12),
(24, 13),
(25, 9),
(25, 10),
(25, 11),
(25, 12),
(25, 13),
(25, 14),
(25, 15),
(25, 16),
(25, 17),
(25, 18),
(26, 19),
(26, 20),
(26, 21),
(26, 22),
(26, 23),
(26, 24),
(26, 25),
(26, 26),
(26, 27),
(26, 28),
(27, 24),
(27, 25),
(27, 26),
(27, 27),
(27, 28),
(27, 29),
(27, 30),
(27, 31),
(27, 32),
(27, 33),
(28, 34),
(28, 35),
(28, 36),
(28, 37),
(28, 38),
(28, 39),
(28, 40),
(28, 41),
(28, 42),
(28, 43),
(29, 39),
(29, 40),
(29, 41),
(29, 42),
(29, 43),
(29, 44),
(29, 45),
(29, 46),
(29, 47),
(29, 48),
(30, 49),
(30, 50),
(30, 51),
(30, 52),
(30, 53),
(30, 54),
(30, 55),
(30, 56),
(30, 57),
(30, 58),
(31, 54),
(31, 55),
(31, 56),
(31, 57),
(31, 58),
(31, 59),
(31, 60),
(31, 61),
(31, 62),
(31, 63),
(35, 64),
(35, 65),
(35, 66),
(35, 67),
(35, 68),
(35, 69),
(35, 70),
(35, 71),
(35, 72),
(35, 73),
(36, 69),
(36, 70),
(36, 71),
(36, 72),
(36, 73),
(36, 74),
(36, 75),
(36, 76),
(36, 77),
(36, 78),
(38, 79),
(38, 80),
(38, 81),
(38, 82),
(38, 83),
(38, 84),
(38, 85),
(38, 86),
(38, 87),
(38, 88),
(39, 84),
(39, 85),
(39, 86),
(39, 87),
(39, 88),
(39, 89),
(39, 90),
(39, 91),
(39, 92),
(39, 93),
(41, 94),
(41, 95),
(41, 96),
(41, 97),
(41, 98),
(41, 99),
(41, 100),
(41, 101),
(41, 102),
(41, 103),
(42, 99),
(42, 100),
(42, 101),
(42, 102),
(42, 103),
(42, 104),
(42, 105),
(42, 107),
(42, 108),
(42, 106);

-- --------------------------------------------------------

--
-- Table structure for table `tbl_tasks`
--

CREATE TABLE `tbl_tasks` (
  `task_id` bigint(20) UNSIGNED NOT NULL,
  `project_id` bigint(20) UNSIGNED NOT NULL,
  `phase_id` bigint(20) UNSIGNED NOT NULL,
  `task_name` varchar(255) NOT NULL,
  `task_desc` text DEFAULT NULL,
  `start_date` date NOT NULL,
  `end_date` date NOT NULL,
  `status` varchar(255) NOT NULL DEFAULT 'pending',
  `priority` varchar(255) NOT NULL DEFAULT 'medium',
  `deadline` datetime DEFAULT NULL,
  `created_at` timestamp NULL DEFAULT NULL,
  `updated_at` timestamp NULL DEFAULT NULL
) ENGINE=InnoDB DEFAULT CHARSET=utf8mb4 COLLATE=utf8mb4_unicode_ci ROW_FORMAT=DYNAMIC;

-- --------------------------------------------------------

--
-- Table structure for table `tbl_task_assignments`
--

CREATE TABLE `tbl_task_assignments` (
  `assignment_id` bigint(20) UNSIGNED NOT NULL,
  `task_id` bigint(20) UNSIGNED NOT NULL,
  `member_id` bigint(20) UNSIGNED NOT NULL,
  `assigned_date` timestamp NOT NULL DEFAULT current_timestamp(),
  `created_at` timestamp NULL DEFAULT NULL,
  `updated_at` timestamp NULL DEFAULT NULL
) ENGINE=InnoDB DEFAULT CHARSET=utf8mb4 COLLATE=utf8mb4_unicode_ci ROW_FORMAT=DYNAMIC;

-- --------------------------------------------------------

--
-- Table structure for table `tbl_team_members`
--

CREATE TABLE `tbl_team_members` (
  `member_id` bigint(20) UNSIGNED NOT NULL,
  `user_id` int(11) NOT NULL,
  `project_id` bigint(20) UNSIGNED NOT NULL,
  `rolep_id` bigint(20) UNSIGNED NOT NULL,
  `assigned_date` timestamp NOT NULL DEFAULT current_timestamp(),
  `created_at` timestamp NULL DEFAULT NULL,
  `updated_at` timestamp NULL DEFAULT NULL
) ENGINE=InnoDB DEFAULT CHARSET=utf8mb4 COLLATE=utf8mb4_unicode_ci ROW_FORMAT=DYNAMIC;

--
-- Dumping data for table `tbl_team_members`
--

INSERT INTO `tbl_team_members` (`member_id`, `user_id`, `project_id`, `rolep_id`, `assigned_date`, `created_at`, `updated_at`) VALUES
(3, 2, 6, 6, '2025-02-02 17:00:00', '2025-02-09 12:44:46', '2025-02-18 17:56:19'),
(4, 2, 2, 7, '2025-02-07 17:00:00', '2025-02-09 13:10:57', '2025-02-09 13:11:09'),
(5, 3, 6, 8, '2025-02-08 17:00:00', '2025-02-13 14:45:05', '2025-02-18 17:56:19'),
(6, 2, 7, 9, '2025-02-14 17:00:00', '2025-02-16 12:29:33', '2025-02-18 17:56:42'),
(7, 2, 8, 10, '2025-02-09 17:00:00', '2025-02-16 12:34:49', '2025-03-08 07:23:32'),
(8, 3, 8, 11, '2025-02-09 17:00:00', '2025-02-16 13:07:06', '2025-03-08 07:23:32'),
(10, 2, 9, 13, '2025-02-17 17:00:00', '2025-02-18 17:55:19', '2025-02-18 17:55:55'),
(11, 3, 10, 14, '2025-02-17 17:00:00', '2025-02-18 18:06:11', '2025-03-08 07:24:59'),
(12, 2, 1, 1, '2025-02-28 17:00:00', '2025-03-01 13:52:13', '2025-03-01 14:00:14'),
(13, 3, 11, 15, '2025-03-06 17:00:00', '2025-03-08 07:19:49', '2025-03-08 07:20:26'),
(14, 2, 11, 16, '2025-03-06 17:00:00', '2025-03-08 07:19:49', '2025-03-08 07:20:26'),
(15, 2, 10, 17, '2025-03-07 17:00:00', '2025-03-08 07:24:59', '2025-03-08 07:24:59'),
(16, 47, 12, 18, '2025-03-23 05:49:41', '2025-03-23 05:49:41', '2025-03-23 05:49:41');

-- --------------------------------------------------------

--
-- Table structure for table `tbl_topic`
--

CREATE TABLE `tbl_topic` (
  `t_id` int(11) NOT NULL,
  `t_p_id` int(11) NOT NULL,
  `t_name` varchar(100) NOT NULL,
  `t_creadate` timestamp NULL DEFAULT NULL,
  `t_modidate` timestamp NULL DEFAULT NULL
) ENGINE=InnoDB DEFAULT CHARSET=latin1 COLLATE=latin1_swedish_ci ROW_FORMAT=DYNAMIC;

--
-- Dumping data for table `tbl_topic`
--

INSERT INTO `tbl_topic` (`t_id`, `t_p_id`, `t_name`, `t_creadate`, `t_modidate`) VALUES
(1, 1, 'P1 Instalasi', '2025-01-20 07:54:02', '2025-02-14 03:52:24'),
(2, 1, 'P2 Pengenalan Tools', '2025-01-20 10:38:55', NULL),
(4, 2, 'Introduction to AI', '2025-01-20 17:02:15', NULL),
(5, 2, 'Introduction to Robotics', '2025-01-20 17:04:05', NULL),
(6, 2, 'Instalation Tools', '2025-01-20 17:05:00', NULL),
(7, 8, 'Pertemuan 1', '2025-03-16 06:50:04', '2025-03-16 07:00:06'),
(8, 8, 'Pertemuan 2', '2025-03-16 06:50:16', '2025-03-16 07:01:07'),
(9, 8, 'Pertemuan 3', '2025-03-16 06:50:29', '2025-03-16 07:01:31'),
(10, 8, 'Pertemuan 4', '2025-03-16 06:50:40', '2025-03-16 07:01:54'),
(11, 9, 'Pertemuan 1', '2025-03-17 17:54:00', '2025-03-17 17:54:45'),
(12, 10, 'Pertemuan 1', '2025-04-07 15:48:40', NULL),
(13, 10, 'Pertemuan 2', '2025-04-07 15:48:43', NULL),
(14, 10, 'Pertemuan 3', '2025-04-07 15:48:47', NULL);

-- --------------------------------------------------------

--
-- Table structure for table `tbl_transaction`
--

CREATE TABLE `tbl_transaction` (
  `t_id` int(11) NOT NULL,
  `t_transaction_id` varchar(255) DEFAULT NULL,
  `t_code` varchar(255) DEFAULT NULL,
  `t_user_id` int(11) NOT NULL,
  `t_p_id` int(11) DEFAULT NULL,
  `t_type` enum('inflow','outflow') NOT NULL,
  `t_amount` int(11) NOT NULL,
  `t_status` enum('unpaid','waiting confirmation','paid') NOT NULL,
  `t_user_proof` text DEFAULT NULL,
  `t_admin_proof` text DEFAULT NULL,
  `t_created_date` timestamp NOT NULL DEFAULT current_timestamp(),
  `t_modified_date` timestamp NULL DEFAULT NULL
) ENGINE=InnoDB DEFAULT CHARSET=latin1 COLLATE=latin1_swedish_ci ROW_FORMAT=DYNAMIC;

--
-- Dumping data for table `tbl_transaction`
--

INSERT INTO `tbl_transaction` (`t_id`, `t_transaction_id`, `t_code`, `t_user_id`, `t_p_id`, `t_type`, `t_amount`, `t_status`, `t_user_proof`, `t_admin_proof`, `t_created_date`, `t_modified_date`) VALUES
(1, '101', '101', 2, NULL, 'inflow', 50000, 'paid', 'User-Transaction-Topup1.jpg', 'Admin-Transaction-Topup1.jpg', '2024-03-27 21:58:38', '2024-03-27 21:58:37'),
(2, '101', '101', 2, NULL, 'inflow', 20000, 'paid', 'User-Transaction-Topup2.jpg', 'Admin-Transaction-Topup2.jpg', '2024-03-28 02:12:01', '2024-03-28 02:16:01'),
(3, '101', '101', 2, NULL, 'inflow', 50000, 'paid', 'User-Transaction-Topup3.jpg', 'Admin-Transaction-Topup3.jpg', '2024-03-28 02:15:06', '2024-03-28 02:20:32'),
(7, '101', '101', 2, NULL, 'inflow', 50000, 'paid', 'User-Transaction-Topup7.jpg', 'Admin-Transaction-Topup7.jpg', '2024-03-28 06:41:13', '2024-03-28 07:45:44'),
(8, '102', '102', 2, 6, 'outflow', 30000, 'paid', NULL, NULL, '2024-03-30 01:44:12', NULL),
(9, '102', '102', 2, 1, 'outflow', 10000, 'paid', NULL, NULL, '2024-03-30 01:46:58', NULL),
(11, '102', '102', 2, 2, 'outflow', 30000, 'paid', NULL, NULL, '2025-01-19 15:48:07', NULL),
(12, '102', '101', 2, NULL, 'inflow', 100000, 'waiting confirmation', 'User-Transaction-Topup12.png', NULL, '2025-01-19 15:49:10', '2025-01-19 15:49:26'),
(13, NULL, NULL, 2, 3, 'outflow', 10000, 'paid', NULL, NULL, '2025-03-13 18:10:21', NULL),
(14, NULL, NULL, 2, 8, 'outflow', 0, 'paid', NULL, NULL, '2025-03-16 14:34:26', NULL),
(15, NULL, NULL, 4, 8, 'outflow', 0, 'paid', NULL, NULL, '2025-03-16 22:16:15', NULL),
(16, NULL, NULL, 11, 8, 'outflow', 0, 'paid', NULL, NULL, '2025-03-17 01:24:21', NULL),
(17, NULL, NULL, 14, 8, 'outflow', 0, 'paid', NULL, NULL, '2025-03-17 01:24:33', NULL),
(18, NULL, NULL, 15, 8, 'outflow', 0, 'paid', NULL, NULL, '2025-03-17 01:24:42', NULL),
(19, NULL, NULL, 13, 8, 'outflow', 0, 'paid', NULL, NULL, '2025-03-17 01:24:50', NULL),
(20, NULL, NULL, 16, 8, 'outflow', 0, 'paid', NULL, NULL, '2025-03-17 01:26:00', NULL),
(21, NULL, NULL, 12, 8, 'outflow', 0, 'paid', NULL, NULL, '2025-03-17 01:26:13', NULL),
(22, NULL, NULL, 17, 8, 'outflow', 0, 'paid', NULL, NULL, '2025-03-17 01:26:22', NULL),
(23, NULL, NULL, 18, 8, 'outflow', 0, 'paid', NULL, NULL, '2025-03-17 01:28:41', NULL),
(24, NULL, NULL, 19, 8, 'outflow', 0, 'paid', NULL, NULL, '2025-03-17 02:05:22', NULL),
(25, NULL, NULL, 20, 8, 'outflow', 0, 'paid', NULL, NULL, '2025-03-17 02:17:28', NULL),
(26, NULL, NULL, 23, 8, 'outflow', 0, 'paid', NULL, NULL, '2025-03-17 02:25:13', NULL),
(27, NULL, NULL, 8, 8, 'outflow', 0, 'paid', NULL, NULL, '2025-03-17 02:27:11', NULL),
(28, NULL, NULL, 6, 8, 'outflow', 0, 'paid', NULL, NULL, '2025-03-17 02:27:13', NULL),
(29, NULL, NULL, 7, 8, 'outflow', 0, 'paid', NULL, NULL, '2025-03-17 02:34:40', NULL),
(30, NULL, NULL, 24, 8, 'outflow', 0, 'paid', NULL, NULL, '2025-03-17 02:34:43', NULL),
(31, NULL, NULL, 26, 8, 'outflow', 0, 'paid', NULL, NULL, '2025-03-17 02:34:43', NULL),
(32, NULL, NULL, 25, 8, 'outflow', 0, 'paid', NULL, NULL, '2025-03-17 02:34:49', NULL),
(33, NULL, NULL, 27, 8, 'outflow', 0, 'paid', NULL, NULL, '2025-03-17 02:34:52', NULL),
(34, NULL, NULL, 33, 8, 'outflow', 0, 'paid', NULL, NULL, '2025-03-17 03:38:00', NULL),
(35, NULL, NULL, 29, 8, 'outflow', 0, 'paid', NULL, NULL, '2025-03-17 04:04:26', NULL),
(36, NULL, NULL, 28, 8, 'outflow', 0, 'paid', NULL, NULL, '2025-03-17 04:05:02', NULL),
(37, NULL, NULL, 39, 8, 'outflow', 0, 'paid', NULL, NULL, '2025-03-17 04:12:02', NULL),
(38, NULL, NULL, 39, 8, 'outflow', 0, 'paid', NULL, NULL, '2025-03-17 04:12:02', NULL),
(39, NULL, NULL, 39, 8, 'outflow', 0, 'paid', NULL, NULL, '2025-03-17 04:12:02', NULL),
(40, NULL, NULL, 35, 8, 'outflow', 0, 'paid', NULL, NULL, '2025-03-17 04:13:03', NULL),
(41, NULL, NULL, 35, 8, 'outflow', 0, 'paid', NULL, NULL, '2025-03-17 04:13:03', NULL),
(42, NULL, NULL, 30, 8, 'outflow', 0, 'paid', NULL, NULL, '2025-03-17 06:12:36', NULL),
(43, NULL, NULL, 43, 8, 'outflow', 0, 'paid', NULL, NULL, '2025-03-17 06:22:08', NULL),
(44, NULL, NULL, 31, 8, 'outflow', 0, 'paid', NULL, NULL, '2025-03-17 13:59:22', NULL),
(45, NULL, NULL, 20, 9, 'outflow', 0, 'paid', NULL, NULL, '2025-03-18 02:24:00', NULL),
(46, NULL, NULL, 25, 9, 'outflow', 0, 'paid', NULL, NULL, '2025-03-18 02:24:55', NULL),
(47, NULL, NULL, 42, 8, 'outflow', 0, 'paid', NULL, NULL, '2025-03-18 02:26:59', NULL),
(48, NULL, NULL, 22, 8, 'outflow', 0, 'paid', NULL, NULL, '2025-03-18 02:27:08', NULL),
(49, NULL, NULL, 46, 8, 'outflow', 0, 'paid', NULL, NULL, '2025-03-18 02:31:39', NULL),
(50, NULL, NULL, 15, 9, 'outflow', 0, 'paid', NULL, NULL, '2025-03-18 02:39:34', NULL),
(51, NULL, NULL, 24, 9, 'outflow', 0, 'paid', NULL, NULL, '2025-03-18 02:44:06', NULL),
(52, NULL, NULL, 37, 8, 'outflow', 0, 'paid', NULL, NULL, '2025-03-18 02:52:54', NULL),
(53, NULL, NULL, 23, 9, 'outflow', 0, 'paid', NULL, NULL, '2025-03-18 03:18:31', NULL),
(54, NULL, NULL, 8, 9, 'outflow', 0, 'paid', NULL, NULL, '2025-03-18 03:31:15', NULL),
(55, NULL, NULL, 6, 9, 'outflow', 0, 'paid', NULL, NULL, '2025-03-18 03:32:39', NULL),
(56, NULL, NULL, 35, 9, 'outflow', 0, 'paid', NULL, NULL, '2025-03-18 03:36:19', NULL),
(57, NULL, NULL, 40, 8, 'outflow', 0, 'paid', NULL, NULL, '2025-03-18 06:04:00', NULL),
(58, NULL, NULL, 44, 8, 'outflow', 0, 'paid', NULL, NULL, '2025-03-18 10:48:09', NULL),
(59, NULL, NULL, 30, 9, 'outflow', 0, 'paid', NULL, NULL, '2025-03-18 13:34:32', NULL),
(60, NULL, NULL, 28, 9, 'outflow', 0, 'paid', NULL, NULL, '2025-03-18 19:36:41', NULL),
(61, NULL, NULL, 43, 9, 'outflow', 0, 'paid', NULL, NULL, '2025-03-20 05:12:38', NULL),
(62, NULL, NULL, 31, 9, 'outflow', 0, 'paid', NULL, NULL, '2025-03-20 15:45:57', NULL),
(63, NULL, NULL, 7, 9, 'outflow', 0, 'paid', NULL, NULL, '2025-03-22 05:34:07', NULL),
(64, NULL, NULL, 26, 9, 'outflow', 0, 'paid', NULL, NULL, '2025-03-22 12:43:37', NULL),
(65, NULL, NULL, 47, 8, 'outflow', 0, 'paid', NULL, NULL, '2025-03-23 05:52:35', NULL),
(66, NULL, NULL, 33, 9, 'outflow', 0, 'paid', NULL, NULL, '2025-03-23 09:10:25', NULL),
(67, NULL, NULL, 16, 10, 'outflow', 0, 'paid', NULL, NULL, '2025-04-08 01:30:40', NULL),
(68, NULL, NULL, 17, 10, 'outflow', 0, 'paid', NULL, NULL, '2025-04-08 01:33:28', NULL),
(69, NULL, NULL, 18, 10, 'outflow', 0, 'paid', NULL, NULL, '2025-04-08 01:34:18', NULL),
(70, NULL, NULL, 12, 10, 'outflow', 0, 'paid', NULL, NULL, '2025-04-08 01:35:43', NULL),
(71, NULL, NULL, 15, 10, 'outflow', 0, 'paid', NULL, NULL, '2025-04-08 01:36:20', NULL),
(72, NULL, NULL, 11, 9, 'outflow', 0, 'paid', NULL, NULL, '2025-04-08 01:36:21', NULL),
(73, NULL, NULL, 11, 10, 'outflow', 0, 'paid', NULL, NULL, '2025-04-08 01:37:51', NULL),
(74, NULL, NULL, 7, 10, 'outflow', 0, 'paid', NULL, NULL, '2025-04-08 02:26:10', NULL),
(75, NULL, NULL, 25, 10, 'outflow', 0, 'paid', NULL, NULL, '2025-04-08 02:26:25', NULL),
(76, NULL, NULL, 26, 10, 'outflow', 0, 'paid', NULL, NULL, '2025-04-08 02:29:06', NULL),
(77, NULL, NULL, 19, 10, 'outflow', 0, 'paid', NULL, NULL, '2025-04-08 02:30:54', NULL),
(78, NULL, NULL, 47, 10, 'outflow', 0, 'paid', NULL, NULL, '2025-04-08 02:31:11', NULL),
(79, NULL, NULL, 28, 10, 'outflow', 0, 'paid', NULL, NULL, '2025-04-08 03:19:22', NULL),
(80, NULL, NULL, 27, 10, 'outflow', 0, 'paid', NULL, NULL, '2025-04-08 03:45:53', NULL),
(81, NULL, NULL, 33, 10, 'outflow', 0, 'paid', NULL, NULL, '2025-04-08 03:58:38', NULL),
(82, NULL, NULL, 43, 10, 'outflow', 0, 'paid', NULL, NULL, '2025-04-08 03:59:18', NULL),
(83, NULL, NULL, 30, 10, 'outflow', 0, 'paid', NULL, NULL, '2025-04-08 06:18:36', NULL),
(84, NULL, NULL, 24, 10, 'outflow', 0, 'paid', NULL, NULL, '2025-04-08 06:41:18', NULL),
(85, NULL, NULL, 51, 8, 'outflow', 0, 'paid', NULL, NULL, '2025-04-08 08:21:59', NULL),
(86, NULL, NULL, 51, 10, 'outflow', 0, 'paid', NULL, NULL, '2025-04-08 08:22:37', NULL),
(87, NULL, NULL, 51, 9, 'outflow', 0, 'paid', NULL, NULL, '2025-04-08 08:24:04', NULL);

-- --------------------------------------------------------

--
-- Table structure for table `tbl_trans_activities`
--

CREATE TABLE `tbl_trans_activities` (
  `id` int(11) NOT NULL,
  `code` varchar(3) NOT NULL,
  `name` varchar(50) NOT NULL
) ENGINE=InnoDB DEFAULT CHARSET=latin1 COLLATE=latin1_swedish_ci ROW_FORMAT=DYNAMIC;

--
-- Dumping data for table `tbl_trans_activities`
--

INSERT INTO `tbl_trans_activities` (`id`, `code`, `name`) VALUES
(1, '101', 'Top Up'),
(2, '102', 'Buying Course');

-- --------------------------------------------------------

--
-- Table structure for table `tbl_user`
--

CREATE TABLE `tbl_user` (
  `user_id` int(11) NOT NULL,
  `nik` varchar(100) DEFAULT NULL,
  `username` varchar(25) NOT NULL,
  `password` varchar(255) NOT NULL,
  `nama` varchar(50) NOT NULL,
  `alamat` text NOT NULL,
  `no_hp` varchar(23) NOT NULL DEFAULT '',
  `jk` varchar(10) NOT NULL,
  `tgl_lhr` date NOT NULL,
  `role` varchar(10) DEFAULT NULL,
  `created_at` timestamp NULL DEFAULT current_timestamp(),
  `updated_at` timestamp NULL DEFAULT NULL,
  `api_token` text DEFAULT NULL,
  `token_type` varchar(50) NOT NULL DEFAULT 'Bearer',
  `email` varchar(50) NOT NULL,
  `provinsi` varchar(200) DEFAULT NULL,
  `kelurahan` varchar(200) DEFAULT NULL,
  `kecamatan` varchar(200) DEFAULT NULL,
  `kota_kab` varchar(200) DEFAULT NULL,
  `pendidikan` varchar(200) DEFAULT NULL,
  `pekerjaan` varchar(200) DEFAULT NULL,
  `agama` varchar(200) DEFAULT NULL,
  `group_id` int(11) DEFAULT NULL,
  `saldo` float DEFAULT NULL,
  `level` int(11) DEFAULT NULL
) ENGINE=InnoDB DEFAULT CHARSET=latin1 COLLATE=latin1_swedish_ci ROW_FORMAT=DYNAMIC;

--
-- Dumping data for table `tbl_user`
--

INSERT INTO `tbl_user` (`user_id`, `nik`, `username`, `password`, `nama`, `alamat`, `no_hp`, `jk`, `tgl_lhr`, `role`, `created_at`, `updated_at`, `api_token`, `token_type`, `email`, `provinsi`, `kelurahan`, `kecamatan`, `kota_kab`, `pendidikan`, `pekerjaan`, `agama`, `group_id`, `saldo`, `level`) VALUES
(1, NULL, 'admin', 'Procat@2025', 'Administrator', 'SUkabumi', '0856224425', 'Perempuan', '1996-05-19', 'Admin', '2024-01-02 09:18:29', '2025-04-13 08:07:41', 'e158e0bf75781b248682297caa4cfc776381e2ff7f20ef4cbec1419de1233c10', 'Bearer', 'ekoabdulgoffar129@gmail.com', '32', '3202070002', '3202070', '3202', NULL, NULL, NULL, 0, 0, NULL),
(2, NULL, 'fatwa', 'fatwa', 'Fatwa Paramadhani', 'SUkabumi', '08562244255', 'Perempuan', '1996-05-19', 'Peserta', '2024-01-02 09:18:29', '2025-04-13 08:09:22', 'c2f61fc55eb6f370d6cf3200bce2ea5840104875756532246ea307006556c176', 'Bearer', '', '32', '3202070002', '3202070', '3202', 'Tidak Sekolah', 'Tidak Bekerja', 'Islam', 0, 0, NULL),
(3, NULL, 'qq', 'qq123', 'qq', 'Ponorogo', '08562244255', 'Perempuan', '1996-05-19', 'Peserta', '2025-02-13 14:42:57', '2025-03-10 21:43:21', 'e16dd03d47b5e178fe9632586cb6001999672019e60902ca7ea3cb96a6408393', 'Bearer', 'qq@mail.com', '32', '3202070002', '3202070', '3202', NULL, NULL, NULL, 0, 0, NULL),
(4, NULL, 'ekoabdulgoffar', '123', 'Eko Abdul Goffar', '123', '123', 'Laki-laki', '2025-03-14', 'Peserta', '2025-03-13 18:23:15', '2025-03-20 14:25:32', '127184d25c31baa67131073ead595b45931e0471ed29eceb127b6e99414de307', 'Bearer', 'abc@gmail.com', '12', '1213140001', '1213140', '1213', NULL, NULL, NULL, NULL, NULL, NULL),
(5, NULL, 'hendy', '123', 'hendy', '123', '123', 'Laki-laki', '2025-03-14', 'Peserta', '2025-03-13 18:28:54', '2025-03-16 22:27:26', '51477ee48d912a0badffc6eefa816173207472fd916b87aa6f25a1900804fb2c', 'Bearer', 'abc@gmail.com', '11', '1112031001', '1112031', '1112', NULL, NULL, NULL, NULL, NULL, NULL),
(6, NULL, 'Vincent Kurniawan', 'Vk091204', 'Vincent Kurniawan', 'Jl. Ratna Raya\r\nRT/RW 001/001', '081222266616', 'Laki-laki', '2004-12-09', 'Peserta', '2025-03-14 08:46:46', '2025-03-23 08:32:56', '814c91ff1a0346cbce7454cc65df7df0d2df24e5a83372f9666b588d29a11192', 'Bearer', 'vincentkurniawan.id@gmail.com', '19', '1971021004', '1971021', '1971', NULL, NULL, NULL, NULL, NULL, NULL),
(7, NULL, 'Elvis', 'Never280804', 'Elvis Daniel Pratama', 'Jl. Imam Bonjol Gg. Tanjung Harapan No 12', '087811273924', 'Laki-laki', '2004-08-28', 'Peserta', '2025-03-14 14:06:22', '2025-04-08 13:16:10', '22b5cbafeb3171598915f6bf3008742952c7a9005832ac84cff4df9d381ef404', 'Bearer', 'elvis.pratama@binus.ac.id', '61', '6171011003', '6171011', '6171', NULL, NULL, NULL, NULL, NULL, NULL),
(8, NULL, 'Richard', 'ubibakar11', 'Richard Ma', 'Jalan paus no.29', '08972125043', 'Laki-laki', '2004-10-01', 'Peserta', '2025-03-15 11:54:29', '2025-03-23 06:32:00', '499b8952db60618ca43a5e251d1229cb351af7a004844ee29ceb0227faf189f2', 'Bearer', 'richard.ma@binus.ac.id', '14', '1471021005', '1471021', '1471', NULL, NULL, NULL, NULL, NULL, NULL),
(9, NULL, 'agustina.setyaningsih', 'Procat@2025', 'Agustina Setyaningsih', 'Jakarta', '123', 'Perempuan', '1995-03-16', 'Admin', '2025-03-16 13:40:57', NULL, NULL, 'Bearer', 'abc@gmail.com', '31', '3173020002', '3173020', '3173', NULL, NULL, NULL, NULL, NULL, NULL),
(10, NULL, 'proin', 'Procat@2025', 'Admin Procat 1', '123', '123', 'Laki-laki', '2025-03-17', 'Admin', '2025-03-16 22:51:49', '2025-03-28 13:18:50', '09a5a770ec7b8025343d267b1a960c51d3715cf6a6dd993acf337e836fbd2650', 'Bearer', 'abc@gmail.com', '31', '3173030001', '3173030', '3173', NULL, NULL, NULL, NULL, NULL, NULL),
(11, NULL, 'Fulranto', 'KanohAgito2003', 'Fulranto', 'Dusun Pelawan', '082282276724', 'Laki-laki', '2025-03-17', 'Peserta', '2025-03-17 01:23:02', '2025-04-08 08:51:54', '82a01d2ad2509bd3c518c1b892a81487e190fd8f293ef33b349e743c677dc1f6', 'Bearer', 'ful.ranto@binus.ac.id', '19', '1903051010', '1903051', '1903', NULL, NULL, NULL, NULL, NULL, NULL),
(12, NULL, 'jili', 'Ayamgoreng0123', 'Jili Jonathan', 'palmerah utara 2 nomor 17', '089635852552', 'Laki-laki', '2004-01-12', 'Peserta', '2025-03-17 01:23:27', '2025-03-18 02:03:00', 'fed675889ed00925158d343db2f03069f4b1b649f3770ad79d68063f68f38217', 'Bearer', 'jili.jonathan@binus.ac.id', '31', '3174030001', '3174030', '3174', NULL, NULL, NULL, NULL, NULL, NULL),
(13, NULL, 'Benny', 'b!Nu$26042000', 'Bennu', 'Jalan soekarno hatta gang nila 1', '08116922216', 'Laki-laki', '2000-04-26', 'Peserta', '2025-03-17 01:23:29', '2025-03-17 06:23:03', 'd4c9454fd560337f461248c04a1b6b0fb560a0236324003fbc2cc23efba52571', 'Bearer', 'benny005@binus.ac.id', '21', '2172040001', '2172040', '2172', NULL, NULL, NULL, NULL, NULL, NULL),
(14, NULL, 'alberta30', 'yangbener', 'Albert', 'Jalan b no 19 telukgong jakarta utara 14450', '081277989803', 'Laki-laki', '2003-11-03', 'Peserta', '2025-03-17 01:23:31', '2025-03-18 04:37:19', '6dc38d8677625da81a04917ead144b47dbb24ece8034367e8d37f297d796a1e6', 'Bearer', 'kamutaukanharusnya@gmail.com', '31', NULL, '3175010', '3175', NULL, NULL, NULL, NULL, NULL, NULL),
(15, NULL, 'ditoadrn', 'sagitarius13', 'Nandito Adrian Reswara', 'JL. Teguh V No. 1', '081299415613', 'Laki-laki', '2003-12-13', 'Peserta', '2025-03-17 01:23:50', '2025-04-08 08:33:13', '2b25ffa6aa4263ddb03f301ab16ba36dc681f44efa0d6c6118206343bd490c4b', 'Bearer', 'nandito.reswara@binus.ac.id', '31', '3175050001', '3175050', '3175', NULL, NULL, NULL, NULL, NULL, NULL),
(16, NULL, 'Piyo', 'Piyomoon195', 'Muhammad Priantoro', 'Jln palmerah utara II no.07', '082111736564', 'Laki-laki', '2003-10-24', 'Peserta', '2025-03-17 01:25:39', '2025-04-08 08:53:22', 'ed66a99ac369b80501d15c143f17fd1454ecfb2722b32fb7b9a1db0ba5ae27b9', 'Bearer', 'muhammad.priantoro@binus.ac.id', '31', '3174030001', '3174030', '3174', NULL, NULL, NULL, NULL, NULL, NULL),
(17, NULL, 'fakhrizaldi', 'Aduhayy12123~', 'Fakhrizaldi', 'Banyuanyar Rt4 Rw6', '081215250471', 'Laki-laki', '1999-10-05', 'Peserta', '2025-03-17 01:25:56', '2025-04-08 06:31:00', '5d67792318af5eeb8a0976c8e57554632208d1e1a76deb422a6cab961e7bbca0', 'Bearer', 'nurrahman.fakhrizaldi@gmail.com', '33', '3372050013', '3372050', '3372', NULL, NULL, NULL, NULL, NULL, NULL),
(18, NULL, 'Jenifer', 'H4rdcor3', 'Jenifer', 'Jl. KH. AHMAD DAHLAN NO.108', '08116224480', 'Perempuan', '2003-12-17', 'Peserta', '2025-03-17 01:27:54', '2025-04-08 01:33:38', '8f73c21ef4914b7a1d935febf881fbaa0c24e0c28a5c265422e337c7c2d88360', 'Bearer', 'akabane.laura079@gmail.com', '12', '1207220004', '1207220', '1207', NULL, NULL, NULL, NULL, NULL, NULL),
(19, NULL, 'Jeremy christian', 'dogy452031**', 'Jeremy christian Budhihartono', 'Jalan Permata Merah E67, semarang', '081238277800', 'Laki-laki', '2003-12-10', 'Peserta', '2025-03-17 02:03:29', '2025-04-08 09:25:27', '2ab7972b28621e53002787b330c15cb7ea3768a3cd976c5051823dd670ac93e1', 'Bearer', 'jeremy.budhihartono@binus.ac.id', '33', '3374120005', '3374120', '3374', NULL, NULL, NULL, NULL, NULL, NULL),
(20, NULL, 'Samuel Vincent', 'miamia123', 'Samuel Vincent', 'Jl. Pasar Beringin Sungai Pinyuh', '081254541902', 'Laki-laki', '2005-07-03', 'Peserta', '2025-03-17 02:16:31', '2025-03-23 13:24:02', '624669c675ab0a78d85b2242345ce6055b0fa8e765f8168f256cdc160bd301e0', 'Bearer', 'samuel.vincent@binus.ac.id', '61', '6104090009', '6104090', '6104', NULL, NULL, NULL, NULL, NULL, NULL),
(21, NULL, 'adminRTT', 'Procat@2025', 'adminRTT', '123', '123', 'Laki-laki', '2025-03-17', 'Admin', '2025-03-17 02:18:50', '2025-04-03 16:06:16', '1a9b61b2c532979399e80f1a3e59ea3afe239e14f976acbbf84c2004ba167e9c', 'Bearer', 'abc@gmail.com', '31', '3171020001', '3171020', '3171', NULL, NULL, NULL, NULL, NULL, NULL),
(22, NULL, 'Theodorus Billy', 'b!Nu$28042004', 'Theodorus Billy Sakti Aryanto', 'MEGA KEBON JERUK BLOK D 11 NO 9', '085814629959', 'Laki-laki', '2004-04-28', 'Peserta', '2025-03-17 02:23:50', '2025-03-18 02:24:18', '60b561d75353341d7e13055a180b09963ce090ab38bd840e19cfda979a090eb2', 'Bearer', 'theodorus.aryanto@binus.ac.id', '31', '3174020004', '3174020', '3174', NULL, NULL, NULL, NULL, NULL, NULL),
(23, NULL, 'blassio', 'Blassio123', 'Blassio Adriautarya', 'Jalan Raden Mattaher no 9', '081326691688', 'Laki-laki', '0003-09-15', 'Peserta', '2025-03-17 02:24:49', '2025-03-21 21:44:17', '2fe03699da103aad864d2404d3b6744f54de874e28e3cd0a26ec4f628203cf35', 'Bearer', 'blassio688@gmail.com', '15', '1571080007', '1571080', '1571', NULL, NULL, NULL, NULL, NULL, NULL),
(24, NULL, 'Artanti', 'Artanti_2108', 'Artanti magnolia Chow', 'Taman Dadap Indah Blok C9 No.3', '085156924453', 'Perempuan', '2004-08-21', 'Peserta', '2025-03-17 02:27:19', '2025-04-08 06:40:58', 'dbb2cfd2c1ee9801dddda0a861f1eec16b6485d3b2db87a921e99ac79d52eaa6', 'Bearer', 'artanti.chow@binus.ac.id', '36', '3603210006', '3603210', '3603', NULL, NULL, NULL, NULL, NULL, NULL),
(25, NULL, 'NicholasT', 'Vanguard1311', 'Nicholas Thenoch', 'TIKALA ARES NO 32 LINGKUNGAN 1', '0851-7152-1754', 'Laki-laki', '2003-11-13', 'Peserta', '2025-03-17 02:28:34', '2025-04-08 12:23:01', 'ce612a97ffd6c7a9d1e3d36cee54e0fd93b294775dabdce4a823ec03847b2c22', 'Bearer', 'Nicholas.thenoch@binus.ac.id', '71', '7171031009', '7171031', '7171', NULL, NULL, NULL, NULL, NULL, NULL),
(26, NULL, 'Vaniatandri', 'Vaniaaa23', 'Vania Tandri', 'Greenwich Park Cluster Imajihaus Blok E17 No 28', '085250200075', 'Perempuan', '2003-12-15', 'Peserta', '2025-03-17 02:33:09', '2025-04-08 06:31:43', 'adbd3d2a2c99c8cfe4dea8a2582b1e817e25780a9d4186106e22e3de85c332f2', 'Bearer', 'vania.tandri@binus.ac', '36', '3603070008', '3603070', '3603', NULL, NULL, NULL, NULL, NULL, NULL),
(27, NULL, 'stphnclay', 'Excel168,', 'stephen cornelius', 'alam sutera', '087827052302', 'Laki-laki', '2004-08-16', 'Peserta', '2025-03-17 02:34:18', '2025-04-08 08:00:01', 'a69fa08a3b61db7fe83253795bad87fc76cd5ba24979bfaab1b444850013288a', 'Bearer', 'stphnclayy@gmail.com', '36', '3671030005', '3671030', '3671', NULL, NULL, NULL, NULL, NULL, NULL),
(28, NULL, 'Emily Abrina', 'Brill2005', 'Emily Abrina Wisnumurti', 'Gading Serpong Sektor 7B DD 9 No.20', '082319122003', 'Perempuan', '2003-12-19', 'Peserta', '2025-03-17 02:45:23', '2025-04-08 06:35:04', '736f3ab8aaac7fcba8340a3252597aef5dfdb8dad53a10469b47817645a141bf', 'Bearer', 'emily.wisnumurti@binus.ac.id', '36', '3603051002', '3603051', '3603', NULL, NULL, NULL, NULL, NULL, NULL),
(29, NULL, 'Jeryann', 'Garuda2002', 'Jeryan Gintir', 'Jln benda barat 10 blok b6 no 7c, Pamulang, Tangerang Selatan, Banten', '081283377458', 'Laki-laki', '2002-04-30', 'Peserta', '2025-03-17 02:53:33', '2025-03-17 04:02:56', '8a6eeeb9f8685d7f2b8934a3bfa0525b84aead8b7016a3f8f933dd4d3ae2b7ca', 'Bearer', 'jeryangintirr@gmail.com', '36', '3674030008', '3674030', '3674', NULL, NULL, NULL, NULL, NULL, NULL),
(30, NULL, 'lauraamarcel', 'Owaf010921', 'Laura Marcelline Nastiti', 'Villa Gading Indah blok O/2', '89513052448', 'Perempuan', '2004-03-01', 'Peserta', '2025-03-17 03:04:51', NULL, NULL, 'Bearer', 'laura.nastiti@binus.ac.id', '31', '3175050001', '3175050', '3175', NULL, NULL, NULL, NULL, NULL, NULL),
(31, NULL, 'Lucianputra', 'lucian.eka23', 'Lucian Eka Putra', 'Villa daya blok d9 no 12', '082114941155', 'Laki-laki', '2004-09-30', 'Peserta', '2025-03-17 03:10:08', '2025-04-05 18:55:29', 'b39458db688182e2107fb0f03a2d6b56ddb8fe34a183f1adb473b4732d2ed03f', 'Bearer', 'lucian.eka14@gmail.com', '32', '3271040004', '3271040', '3271', NULL, NULL, NULL, NULL, NULL, NULL),
(32, NULL, 'Delyschia', 'Delys1802', 'Delyshcia Kyleen', 'JL. Pondok Jaya VIII/I A', '087885751006', 'Perempuan', '2004-02-11', 'Peserta', '2025-03-17 03:13:04', '2025-03-17 03:13:08', 'c19444671067ca2fb13fb81f200ce9a53ff2de08b0f5a391a5af8a84e9692e4e', 'Bearer', 'delyschia11.kyleen@gmail.com', '31', '3171070002', '3171070', '3171', NULL, NULL, NULL, NULL, NULL, NULL),
(33, NULL, 'layaliajasmine', 'i<3Jeongwoo', 'Layalia Jasmine Soraya', 'Jl.Anggrek Cendrawasih I J/26', '08111888283', 'Perempuan', '2004-01-29', 'Peserta', '2025-03-17 03:16:06', '2025-04-08 04:50:29', '570c9ff50597d83994810b036d36acbf36e16a481accae0754081d68ecc39b29', 'Bearer', 'layaliajasmine@gmail.com', '31', '3174030002', '3174030', '3174', NULL, NULL, NULL, NULL, NULL, NULL),
(34, NULL, 'layaliajasmine', 'i<3Jeongwoo', 'Layalia Jasmine Soraya', 'Jl.Anggrek Cendrawasih I J/26', '08111888283', 'Perempuan', '2004-01-29', 'Peserta', '2025-03-17 03:16:07', '2025-04-08 04:50:29', '570c9ff50597d83994810b036d36acbf36e16a481accae0754081d68ecc39b29', 'Bearer', 'layaliajasmine@gmail.com', '31', '3174030002', '3174030', '3174', NULL, NULL, NULL, NULL, NULL, NULL),
(35, NULL, 'muhamadzidan', 'mamazidan@04', 'Muhamad Zidan', 'Kp. Suka Karya Rt 07 RW 03 Desa Pangkalan Kecamatan Teluknaga Kabupaten Tangerang', '085782842655', 'Laki-laki', '2004-03-01', 'Peserta', '2025-03-17 03:56:49', '2025-03-23 06:30:54', '0d2007e269730404765da707f92aecce3fd9a8c96a7e7ecceb1791a079d6f579', 'Bearer', 'muhamad.zidan001@binus.ac.id', '36', '3603200010', '3603200', '3603', NULL, NULL, NULL, NULL, NULL, NULL),
(36, NULL, 'lauraamarcel', 'Owaf01032004', 'Laura Marcelline Nastiti', 'Villa Gading Indah', '89513052448', 'Perempuan', '2004-03-01', 'Peserta', '2025-03-17 04:02:24', '2025-04-08 06:18:12', 'efa166fbd942ed91c714fdb0b7783d1d385fe39ae19617420839557770048f1a', 'Bearer', 'laura.marcelline01@gmail.com', '31', '3175050001', '3175050', '3175', NULL, NULL, NULL, NULL, NULL, NULL),
(37, '3173042108040002', 'Marthin', 'Marthin21', 'Marthin', 'Krendang selatan', '085975323733', 'Laki-laki', '2004-08-21', 'Peserta', '2025-03-17 04:03:26', '2025-03-18 02:52:36', '1a37e349c1cbc9b0e1fd31609879cddd05917ee12d31dd40c9c2486e01fc87b3', 'Bearer', 'Cin.marthin@binus.ac.id', '31', '3174050005', '3174050', '3174', 'Tidak Sekolah', 'Tidak Bekerja', 'Budha', NULL, NULL, NULL),
(38, NULL, 'Geraldo', 'Cheetah19', 'Fridolin Geraldo Sunfilio', 'Jl. Arjuna', '081350039699', 'Laki-laki', '2003-10-17', 'Peserta', '2025-03-17 04:05:36', '2025-03-17 04:05:41', '45237cc051bc1226104bb6684e3ee6a9f1c19f2bf34b4e52199ad98a6715bff6', 'Bearer', 'fridolin.sunfilio@binus.ac.id', '64', '6472050002', '6472050', '6472', NULL, NULL, NULL, NULL, NULL, NULL),
(39, NULL, 'Zaqi Nata', 'MYbinusmaya260206', 'Zaqi Natanegara', 'Jl. Anggrek Nelimurni', '628119976578', 'Laki-laki', '2004-05-21', 'Peserta', '2025-03-17 04:07:14', '2025-03-17 15:23:25', 'c954e36a1ca6526b460a801502421b7bad711168a2668c518e2fbb935e874411', 'Bearer', 'muhammad.natanegara001@binus.ac.id', '31', '3174030003', '3174030', '3174', NULL, NULL, NULL, NULL, NULL, NULL),
(40, NULL, 'kitopuransil', 'kitop2704', 'KITO PURANSIL', 'JL.KH.MOH MANSYUR 15 E-11', '08119692704', 'Laki-laki', '2004-01-27', 'Peserta', '2025-03-17 04:22:34', '2025-03-18 06:03:40', '29144946bf552bc169a09e7e0059189223923e76e40cf6fadca7643870e4c589', 'Bearer', 'kitopuransil@gmail.com', '31', '3173080006', '3173080', '3173', NULL, NULL, NULL, NULL, NULL, NULL),
(41, NULL, 'kitopuransil', 'kitop2704', 'KITO PURANSIL', 'JL.KH MOH MANSYUR 15 E-11', '08119692704', 'Laki-laki', '2004-01-27', 'Peserta', '2025-03-17 04:26:56', '2025-03-18 06:03:40', '29144946bf552bc169a09e7e0059189223923e76e40cf6fadca7643870e4c589', 'Bearer', 'learnkito@gmail.com', '31', '3173080006', '3173080', '3173', NULL, NULL, NULL, NULL, NULL, NULL),
(42, NULL, 'William s', '123123Will', 'William senangsa', 'Sunter hijau 9 blok k 4 no 12', '082211305612', 'Laki-laki', '2004-01-05', 'Peserta', '2025-03-17 05:05:20', '2025-03-23 06:17:58', 'a88bb8df2241d3b352915db1587910c82eaf43fd4d3549eb6a521ae6c1c1cdc3', 'Bearer', 'William.senangsa@binus.ac.id', '36', '3671030004', '3671030', '3671', NULL, NULL, NULL, NULL, NULL, NULL),
(43, NULL, 'chen.654', 'Iamccp08022003', 'ZHANG CHENG YI', 'Golden Vienna 2 Blok C7 No 17, Jl. Garuda Kencana No.2, Ciater, Kec. Serpong, Kota Tangerang Selatan, Banten 15310', '0818695970', 'Laki-laki', '2003-02-08', 'Peserta', '2025-03-17 06:20:26', '2025-04-08 12:39:43', 'eb6a15f200fb646e2d25ebf36ca2a543685de0c6a9404b772db1738dc293737d', 'Bearer', 'zhang.cheng@binus.ac.id', '36', NULL, NULL, '3601', NULL, NULL, NULL, NULL, NULL, NULL),
(44, NULL, 'wayanharry', 'passakunRTTO', 'Wayan Harry Sudarmaja', 'Lingkungan III, Girian Permai, Kota Bitung, Sulawesi Utara', '0895395274062', 'Laki-laki', '2004-10-18', 'Peserta', '2025-03-17 10:05:16', '2025-04-08 04:41:32', '1cf0076728b781471f1be016783a828aac0317eb067951e72b925ebb04deee8c', 'Bearer', 'wayan.sudarmaja@binus.ac.id', '71', '7172012007', '7172012', '7172', NULL, NULL, NULL, NULL, NULL, NULL),
(45, NULL, 'lisantihengky', 'Florence68', 'lisanti hengky', 'Jl. Dr Semeru Raya No.75A', '82112691095', 'Perempuan', '2002-07-19', 'Peserta', '2025-03-17 13:55:08', '2025-03-17 13:55:28', 'eda8e3d3be5b84581c9ef0517ec9feab802c07b93cfe3d165daacba9ce259c26', 'Bearer', 'lisanti.hengky@binus.ac.id', '31', '3174040004', '3174040', '3174', NULL, NULL, NULL, NULL, NULL, NULL),
(46, NULL, 'Aldrichjh', 'Binus28102004', 'Aldrich Janson Hartana', 'Jl Tanah Abang V no.7', '081772892899', 'Laki-laki', '2004-10-28', 'Peserta', '2025-03-18 02:30:15', '2025-03-18 02:30:57', '2642e0b630ade76b7dd4dd002c7edb9c6b2fd7d2839cca590d72680d0ef80325', 'Bearer', 'aldrich.hartana@binus.ac.id', '31', NULL, '3173010', '3173', NULL, NULL, NULL, NULL, NULL, NULL),
(47, NULL, 'yoshe.A.F', 'Yoshe010', 'Yoshe Agatha Fidela', 'Gading Serpong, Tangerang : Sektor 7A Jl.Kelapa lilin V Blok.DC11 No.25', '087776685806', 'Perempuan', '2004-10-10', 'Peserta', '2025-03-18 03:23:43', NULL, NULL, 'Bearer', 'yosheagathfidela@gmail.com', '36', '3674020013', '3674020', '3674', NULL, NULL, NULL, NULL, NULL, NULL),
(48, NULL, 'yoshe.A.F', 'yoshe1010', 'Yoshe Agatha Fidela', 'Gading Serpong, Tangerang : Sektor 7A Jl.Kelapa lilin V Blok.DC11 No.25', '087776685806', 'Perempuan', '2004-10-10', 'Peserta', '2025-03-18 03:25:30', '2025-04-08 02:29:21', '07edaac32250b8c81e06ea73b334259f2c5971e8951b6b82e30292b7e8658d77', 'Bearer', 'yosheagathfidela@gmail.com', '36', '3674020013', '3674020', '3674', NULL, NULL, NULL, NULL, NULL, NULL),
(49, NULL, 'Jili', 'Ayamgoreng10', 'Jili Jonathan', 'palmerah utara 2', '089635852552', 'Laki-laki', '2004-01-12', 'Peserta', '2025-04-08 01:34:44', '2025-04-08 08:55:24', 'da26ead709c8a248a10faec7f33ced485b7647f61bd5402a8da06e7322f07590', 'Bearer', 'jili.jonathan@binus.ac.id', '31', NULL, NULL, '3101', NULL, NULL, NULL, NULL, NULL, NULL),
(50, NULL, 'albert.a30', 'yangbener1', 'Albert Archilles', 'Jl. B No. 19 Telukgong Jakarta Utara', '081277989803', 'Laki-laki', '2003-11-03', 'Peserta', '2025-04-08 01:35:54', '2025-04-08 01:36:04', 'c7400614fb3b470a94d92861164073db9600f05a73c2fc56eab72a4f9f519fa6', 'Bearer', 'kamutaukanharusnya@gmail.com', '31', NULL, '3175010', '3175', NULL, NULL, NULL, NULL, NULL, NULL),
(51, NULL, 'muhamad.zidan001', 'Mzxdan@01032004', 'Muhamad Zidan', 'Kp. Suka Karya Rt 07 Rw 03 No. 12 Desa Pangkalan Kec. Teluknaga Kab. Tangerang', '085782842655', 'Laki-laki', '2004-03-01', 'Peserta', '2025-04-08 08:20:38', '2025-04-08 11:35:40', '2da10dacf061d580e2783315c0e6ac570bc0cb97e6a015b1fdcb26572b284f43', 'Bearer', 'muhamad.zidan001@binus.ac.id', '36', '3603200003', '3603200', '3603', NULL, NULL, NULL, NULL, NULL, NULL);

-- --------------------------------------------------------

--
-- Table structure for table `users`
--

CREATE TABLE `users` (
  `id` bigint(20) UNSIGNED NOT NULL,
  `name` varchar(255) NOT NULL,
  `email` varchar(255) NOT NULL,
  `email_verified_at` timestamp NULL DEFAULT NULL,
  `password` varchar(255) NOT NULL,
  `remember_token` varchar(100) DEFAULT NULL,
  `created_at` timestamp NULL DEFAULT NULL,
  `updated_at` timestamp NULL DEFAULT NULL
) ENGINE=InnoDB DEFAULT CHARSET=utf8mb4 COLLATE=utf8mb4_unicode_ci ROW_FORMAT=DYNAMIC;

--
-- Indexes for dumped tables
--

--
-- Indexes for table `migrations`
--
ALTER TABLE `migrations`
  ADD PRIMARY KEY (`id`) USING BTREE;

--
-- Indexes for table `password_resets`
--
ALTER TABLE `password_resets`
  ADD KEY `password_resets_email_index` (`email`(191)) USING BTREE;

--
-- Indexes for table `personal_access_tokens`
--
ALTER TABLE `personal_access_tokens`
  ADD PRIMARY KEY (`id`) USING BTREE,
  ADD UNIQUE KEY `personal_access_tokens_token_unique` (`token`) USING BTREE,
  ADD KEY `personal_access_tokens_tokenable_type_tokenable_id_index` (`tokenable_type`(191),`tokenable_id`) USING BTREE;

--
-- Indexes for table `tbl_activities`
--
ALTER TABLE `tbl_activities`
  ADD PRIMARY KEY (`activity_id`) USING BTREE,
  ADD KEY `tbl_activities_phase_id_foreign` (`phase_id`) USING BTREE,
  ADD KEY `tbl_activities_user_id_foreign` (`user_id`) USING BTREE;

--
-- Indexes for table `tbl_detail_profile`
--
ALTER TABLE `tbl_detail_profile`
  ADD PRIMARY KEY (`detail_id`),
  ADD KEY `user_id` (`user_id`);

--
-- Indexes for table `tbl_feedback`
--
ALTER TABLE `tbl_feedback`
  ADD PRIMARY KEY (`feedback_id`) USING BTREE,
  ADD KEY `course_id` (`course_id`) USING BTREE,
  ADD KEY `user_id` (`user_id`) USING BTREE;

--
-- Indexes for table `tbl_group`
--
ALTER TABLE `tbl_group`
  ADD PRIMARY KEY (`group_id`) USING BTREE;

--
-- Indexes for table `tbl_hasil_test`
--
ALTER TABLE `tbl_hasil_test`
  ADD PRIMARY KEY (`hasil_id`) USING BTREE;

--
-- Indexes for table `tbl_hasil_test_detail`
--
ALTER TABLE `tbl_hasil_test_detail`
  ADD PRIMARY KEY (`hasil_id_detail`) USING BTREE,
  ADD KEY `hasil_id` (`hasil_id`) USING BTREE,
  ADD KEY `jawaban_id` (`jawaban_id`) USING BTREE,
  ADD KEY `pertanyaan_id` (`pertanyaan_id`) USING BTREE;

--
-- Indexes for table `tbl_order`
--
ALTER TABLE `tbl_order`
  ADD PRIMARY KEY (`or_id`) USING BTREE;

--
-- Indexes for table `tbl_pertanyaan`
--
ALTER TABLE `tbl_pertanyaan`
  ADD PRIMARY KEY (`pertanyaan_id`) USING BTREE,
  ADD KEY `course_id` (`course_id`) USING BTREE;

--
-- Indexes for table `tbl_phases`
--
ALTER TABLE `tbl_phases`
  ADD PRIMARY KEY (`phase_id`) USING BTREE,
  ADD KEY `tbl_phases_project_id_foreign` (`project_id`) USING BTREE;

--
-- Indexes for table `tbl_pilihan_jawaban`
--
ALTER TABLE `tbl_pilihan_jawaban`
  ADD PRIMARY KEY (`pilihan_id`) USING BTREE,
  ADD KEY `pertanyaan_id` (`pertanyaan_id`) USING BTREE;

--
-- Indexes for table `tbl_product`
--
ALTER TABLE `tbl_product`
  ADD PRIMARY KEY (`p_id`) USING BTREE;

--
-- Indexes for table `tbl_projects`
--
ALTER TABLE `tbl_projects`
  ADD PRIMARY KEY (`project_id`) USING BTREE,
  ADD KEY `user_project` (`user_id`) USING BTREE;

--
-- Indexes for table `tbl_role_projects`
--
ALTER TABLE `tbl_role_projects`
  ADD PRIMARY KEY (`rolep_id`) USING BTREE,
  ADD KEY `tbl_role_projects_project_id_foreign` (`project_id`) USING BTREE;

--
-- Indexes for table `tbl_submission`
--
ALTER TABLE `tbl_submission`
  ADD PRIMARY KEY (`sm_id`) USING BTREE;

--
-- Indexes for table `tbl_subtopic`
--
ALTER TABLE `tbl_subtopic`
  ADD PRIMARY KEY (`st_id`) USING BTREE;

--
-- Indexes for table `tbl_tasks`
--
ALTER TABLE `tbl_tasks`
  ADD PRIMARY KEY (`task_id`) USING BTREE,
  ADD KEY `tbl_tasks_project_id_foreign` (`project_id`) USING BTREE,
  ADD KEY `tbl_tasks_phase_id_foreign` (`phase_id`) USING BTREE;

--
-- Indexes for table `tbl_task_assignments`
--
ALTER TABLE `tbl_task_assignments`
  ADD PRIMARY KEY (`assignment_id`) USING BTREE,
  ADD UNIQUE KEY `tbl_task_assignments_task_id_member_id_unique` (`task_id`,`member_id`) USING BTREE,
  ADD KEY `tbl_task_assignments_member_id_foreign` (`member_id`) USING BTREE;

--
-- Indexes for table `tbl_team_members`
--
ALTER TABLE `tbl_team_members`
  ADD PRIMARY KEY (`member_id`) USING BTREE,
  ADD UNIQUE KEY `tbl_team_members_user_id_project_id_rolep_id_unique` (`user_id`,`project_id`,`rolep_id`) USING BTREE,
  ADD KEY `tbl_team_members_project_id_foreign` (`project_id`) USING BTREE,
  ADD KEY `tbl_team_members_rolep_id_foreign` (`rolep_id`) USING BTREE;

--
-- Indexes for table `tbl_topic`
--
ALTER TABLE `tbl_topic`
  ADD PRIMARY KEY (`t_id`) USING BTREE;

--
-- Indexes for table `tbl_transaction`
--
ALTER TABLE `tbl_transaction`
  ADD PRIMARY KEY (`t_id`) USING BTREE,
  ADD KEY `t_user_id` (`t_user_id`) USING BTREE;

--
-- Indexes for table `tbl_trans_activities`
--
ALTER TABLE `tbl_trans_activities`
  ADD PRIMARY KEY (`id`) USING BTREE;

--
-- Indexes for table `tbl_user`
--
ALTER TABLE `tbl_user`
  ADD PRIMARY KEY (`user_id`) USING BTREE;

--
-- AUTO_INCREMENT for dumped tables
--

--
-- AUTO_INCREMENT for table `migrations`
--
ALTER TABLE `migrations`
  MODIFY `id` int(10) UNSIGNED NOT NULL AUTO_INCREMENT, AUTO_INCREMENT=51;

--
-- AUTO_INCREMENT for table `tbl_activities`
--
ALTER TABLE `tbl_activities`
  MODIFY `activity_id` bigint(20) UNSIGNED NOT NULL AUTO_INCREMENT, AUTO_INCREMENT=12;

--
-- AUTO_INCREMENT for table `tbl_detail_profile`
--
ALTER TABLE `tbl_detail_profile`
  MODIFY `detail_id` int(11) NOT NULL AUTO_INCREMENT, AUTO_INCREMENT=6;

--
-- AUTO_INCREMENT for table `tbl_feedback`
--
ALTER TABLE `tbl_feedback`
  MODIFY `feedback_id` int(11) NOT NULL AUTO_INCREMENT, AUTO_INCREMENT=8;

--
-- AUTO_INCREMENT for table `tbl_group`
--
ALTER TABLE `tbl_group`
  MODIFY `group_id` int(11) NOT NULL AUTO_INCREMENT, AUTO_INCREMENT=2;

--
-- AUTO_INCREMENT for table `tbl_hasil_test`
--
ALTER TABLE `tbl_hasil_test`
  MODIFY `hasil_id` int(11) NOT NULL AUTO_INCREMENT, AUTO_INCREMENT=353;

--
-- AUTO_INCREMENT for table `tbl_hasil_test_detail`
--
ALTER TABLE `tbl_hasil_test_detail`
  MODIFY `hasil_id_detail` int(11) NOT NULL AUTO_INCREMENT, AUTO_INCREMENT=2935;

--
-- AUTO_INCREMENT for table `tbl_order`
--
ALTER TABLE `tbl_order`
  MODIFY `or_id` int(11) NOT NULL AUTO_INCREMENT;

--
-- AUTO_INCREMENT for table `tbl_pertanyaan`
--
ALTER TABLE `tbl_pertanyaan`
  MODIFY `pertanyaan_id` int(11) NOT NULL AUTO_INCREMENT, AUTO_INCREMENT=109;

--
-- AUTO_INCREMENT for table `tbl_phases`
--
ALTER TABLE `tbl_phases`
  MODIFY `phase_id` bigint(20) UNSIGNED NOT NULL AUTO_INCREMENT, AUTO_INCREMENT=15;

--
-- AUTO_INCREMENT for table `tbl_pilihan_jawaban`
--
ALTER TABLE `tbl_pilihan_jawaban`
  MODIFY `pilihan_id` int(11) NOT NULL AUTO_INCREMENT, AUTO_INCREMENT=468;

--
-- AUTO_INCREMENT for table `tbl_product`
--
ALTER TABLE `tbl_product`
  MODIFY `p_id` int(11) NOT NULL AUTO_INCREMENT, AUTO_INCREMENT=11;

--
-- AUTO_INCREMENT for table `tbl_projects`
--
ALTER TABLE `tbl_projects`
  MODIFY `project_id` bigint(20) UNSIGNED NOT NULL AUTO_INCREMENT, AUTO_INCREMENT=13;

--
-- AUTO_INCREMENT for table `tbl_role_projects`
--
ALTER TABLE `tbl_role_projects`
  MODIFY `rolep_id` bigint(20) UNSIGNED NOT NULL AUTO_INCREMENT, AUTO_INCREMENT=19;

--
-- AUTO_INCREMENT for table `tbl_submission`
--
ALTER TABLE `tbl_submission`
  MODIFY `sm_id` int(11) NOT NULL AUTO_INCREMENT, AUTO_INCREMENT=20;

--
-- AUTO_INCREMENT for table `tbl_subtopic`
--
ALTER TABLE `tbl_subtopic`
  MODIFY `st_id` int(11) NOT NULL AUTO_INCREMENT, AUTO_INCREMENT=43;

--
-- AUTO_INCREMENT for table `tbl_tasks`
--
ALTER TABLE `tbl_tasks`
  MODIFY `task_id` bigint(20) UNSIGNED NOT NULL AUTO_INCREMENT;

--
-- AUTO_INCREMENT for table `tbl_task_assignments`
--
ALTER TABLE `tbl_task_assignments`
  MODIFY `assignment_id` bigint(20) UNSIGNED NOT NULL AUTO_INCREMENT;

--
-- AUTO_INCREMENT for table `tbl_team_members`
--
ALTER TABLE `tbl_team_members`
  MODIFY `member_id` bigint(20) UNSIGNED NOT NULL AUTO_INCREMENT, AUTO_INCREMENT=17;

--
-- AUTO_INCREMENT for table `tbl_topic`
--
ALTER TABLE `tbl_topic`
  MODIFY `t_id` int(11) NOT NULL AUTO_INCREMENT, AUTO_INCREMENT=15;

--
-- AUTO_INCREMENT for table `tbl_transaction`
--
ALTER TABLE `tbl_transaction`
  MODIFY `t_id` int(11) NOT NULL AUTO_INCREMENT, AUTO_INCREMENT=88;

--
-- AUTO_INCREMENT for table `tbl_trans_activities`
--
ALTER TABLE `tbl_trans_activities`
  MODIFY `id` int(11) NOT NULL AUTO_INCREMENT, AUTO_INCREMENT=3;

--
-- AUTO_INCREMENT for table `tbl_user`
--
ALTER TABLE `tbl_user`
  MODIFY `user_id` int(11) NOT NULL AUTO_INCREMENT, AUTO_INCREMENT=52;

--
-- Constraints for dumped tables
--

--
-- Constraints for table `tbl_detail_profile`
--
ALTER TABLE `tbl_detail_profile`
  ADD CONSTRAINT `tbl_detail_profile_ibfk_1` FOREIGN KEY (`user_id`) REFERENCES `tbl_user` (`user_id`);
COMMIT;

/*!40101 SET CHARACTER_SET_CLIENT=@OLD_CHARACTER_SET_CLIENT */;
/*!40101 SET CHARACTER_SET_RESULTS=@OLD_CHARACTER_SET_RESULTS */;
/*!40101 SET COLLATION_CONNECTION=@OLD_COLLATION_CONNECTION */;
